URL,title,tags,sub_col,content_col,publish_time,author
https://www.itworld.co.kr/article/4036305/%ed%83%84%ed%83%84%ed%95%9c-ai-%ec%a0%84%eb%9e%b5%eb%8f%84-%eb%8d%b0%ec%9d%b4%ed%84%b0-%ec%a4%91%eb%a6%bd%ec%84%b1-%ec%97%86%ec%9c%bc%eb%a9%b4-%eb%ac%b4%eb%84%88%ec%a7%80%eb%8a%94-%ec%9d%b4%ec%9c%a0.html,탄탄한 AI 전략도 데이터 중립성 없으면 무너지는 이유,"['인공지능', '기술 업계 동향']","['nosubtitle', 'AI 데이터 환경의 변화와 시장 재편', '시장 재편의 즉각적인 영향', '필수 경쟁 조건으로 떠오른 데이터 중립성', 'AI 데이터 인프라의 미래 구축하기']","['데이터 주권은 그 어느 때보다 중요해졌지만, 이를 확보하는 일은 쉽지 않다. 특히 데이터가 특정 업체나 경쟁사의 영향 아래 놓이는 경우가 늘면서 ‘데이터 중립성’이 새로운 과제로 떠오르고 있다.\n\nAI 기술의 발전 흐름은 데이터를 혁신을 이루는 핵심 요소이자 전략적 자산으로 만들었다. AI 모델이 점점 더 정교해질수록 학습 데이터의 품질과 무결성, 그리고 데이터 주권 확보가 무엇보다 중요한 과제로 떠오르고 있다. 그런 가운데 AI 산업 전반은 전략적 파트너십과 인수합병이 이어지면서 빠르게 재편되고 있다.\n\n시장 재편은 전례 없는 기회를 만들어내는 동시에, 데이터의 독립성과 관련해 중대한 도전과제를 수반한다. 자체 AI 모델 개발에 상당한 투자를 해 온 기업일수록, 공동 인프라와 데이터 공급망에서 비롯되는 위험이 그 어느 때보다도 뚜렷하게 드러나고 있다.\n\n그 결과, 데이터 중립성(Data Neutrality)은 더 이상 주변적인 기술 고려사항이 아니라, 기업의 고유한 인사이트와 가장 가치 있는 디지털 자산에 대한 완전한 통제권을 유지하기 위한 핵심 전략 요소로 부상하고 있다. 현재 데이터 주권은 그 어느 때보다 중요하지만, 급변하는 시장 환경에서 이를 확보하는 일은 그리 간단하지 않다.', '오늘날 AI 산업은 혁신, 대규모 투자, 시장 통합이 맞물리며 전례 없이 역동적으로 움직이고 있다. 주요 기업의 인식도 근본적으로 바뀌고 있다. 모델 구조뿐 아니라, 모델의 기반이 되는 데이터와 인프라까지 중요성을 인식하는 범위가 확대되고 있다.\n\n대표적인 사례가 메타와 데이터 큐레이션·레이블링 업체 스케일AI(Scale AI) 간의 대규모 파트너십이다. 이 협력은 모델 자체만큼이나 학습 데이터의 품질과 출처가 중요하다는 점을 메타가 인식하고 있다는 사실을 보여준다. 정확도 높은 데이터 파이프라인을 확보해 안정적이고 견고한 기반 위에서 전반적인 AI 개발을 추진하려는 전략적 행보다. 다른 빅테크 기업도 각자의 전략적 노선을 구축하고 있다. 아마존과 마이크로소프트는 각각 앤트로픽과 오픈AI와의 협력을 통해 모델 개발에 막대한 자금을 투입하고 있다.\n\n이런 파트너십은 최첨단 파운데이션 모델 개발 및 상용화를 가속화하기 위한 목적이다. 이런 전략적 움직임을 종합적으로 살펴보면 AI 시장에서는 하루가 멀다 하고 새로운 협력이 맺어지고, 기존의 경쟁 구도가 무너지는 식으로 빠르게 재편되고 있다. AI 기업에 민첩성은 더 이상 선택이 아닌 생존을 위한 필수 조건이 되었으며, 민첩성이 있어야 지속적인 성장과 경쟁 우위를 확보할 수 있다.', '메타가 스케일AI의 지분 49%를 확보한 것은 단순한 자본 투자를 넘어, AI 데이터 인프라에 대한 업계 인식의 근본적인 전환을 보여준다. 데이터 큐레이션과 레이블링의 핵심에 글로벌 빅테크가 직접 뛰어든 이 전략적 움직임은 AI 생태계 전반에 광범위한 영향을 미치고 있다.\n\n이전까지 스케일AI를 주요 데이터 공급처로 활용하던 기업은 향후에도 서비스의 공정성과 우선순위가 그대로 유지될 수 있을지에 대한 의문에 직면하게 된다. 이들이 자체적으로 추진 중인 AI 프로젝트가 메타와 직접 경쟁 관계에 놓여 있다면, 훨씬 더 민감한 문제로 부상할 수 있다. 실제로 익명화된 독점 데이터조차도 협력사 입장에서 경쟁 정보로 활용될 수 있다는 우려가 제기되고 있다.\n\n또한 전략적 파트너십과 인수합병이 가속화하면서 AI 모델 개발 방식 전반에 대한 재검토가 불가피해지고 있다. 기업은 이제 경쟁사와 밀접하게 통합됐거나 그 소유 하에 있는 데이터 제공업체에 의존함으로써 발생하는 구조적 위험을 고려해야 한다.\n\n업체 종속 위험이 높아질 뿐 아니라, 데이터 주석 품질이나 접근 수준에서 편향적인 서비스를 제공할 가능성도 함께 증가한다. 업계 전반에서 시장 통합 흐름은 각 기업이 독자적인 데이터 파이프라인을 구축하거나 특정 소스에만 의존하는 체계를 만들도록 유도하는 ‘반작용 시장’을 만들어낼 수 있다.\n\n이런 움직임은 데이터 환경을 더 파편화시키고, 독립적인 AI 개발자가 고품질·다양성·중립성을 갖춘 학습 데이터에 접근하는 것을 어렵게 만들 우려가 있다. 결국 혁신 가능성과 경쟁력을 저해하는 결과로 이어질 수 있다.\n\n최근 이 주제에 대해 글로벌 AI 인프라 및 서비스 기업 텔러스 디지털(TELUS Digital)의 AI 서비스 딜리버리 총괄 부사장 아미스 네어와 이야기를 나눴다. 네어는 “데이터는 AI에서 일어나는 모든 일의 핵심이다. 파운데이션 모델을 만드는 기업이든, AI용 데이터 애플리케이션을 구축하는 누구든 마찬가지다”라며 데이터의 중요성을 강조했다.\n\n네어는 AI 인프라와 데이터의 상호작용을 설명하며 AI를 레이어 케이크에 비유했다. “맨 아래에는 엔비디아 GPU처럼 AI를 실행할 수 있는 연산 인프라 계층이 있다. 그 위에는 여러 소프트웨어 중심 계층이 있고, 이들 역시 인프라에 영향을 미친다. 그다음에는 보안 계층이 있고, 모델을 학습시키는 데이터와 애플리케이션을 구동하는 데이터가 이어진다. 가장 위에는 데이터 운영을 어떻게 구현하느냐에 따라 결정되는 운영 계층이 있다”라는 설명이다. 데이터는 이 모든 것의 기초이므로 데이터를 통제하는 주체는 사실상 AI 자산의 열쇠를 쥐고 있는 셈이다. 그렇기 때문에 데이터를 다룰 때는 반드시 신뢰와 데이터 중립성이 전제돼야 한다', 'AI 시장이 빠르게 통합되는 상황에서 데이터 중립성은 더 이상 ‘바람직한 요소’가 아닌 경쟁 필수 요건으로 진화하고 있다. AI 모델을 구축하는 어떤 기업이든 모델의 독립성을 유지하는 일은 경쟁력을 확보하고 유지하는 데 핵심적인 과제다. 공통된 데이터 인프라를 경쟁사와 직접적이든 간접적이든 공유하는 것은 분명한 위험을 동반한다.\n\n특히 독점적인 학습 데이터가 경쟁사의 플랫폼이나 서비스로 이전되면 고유한 인사이트나 데이터 패턴, 심지어 기업의 운영 데이터까지 의도치 않게 공유될 수 있는 미묘한 위험은 항상 존재한다.\n\n악의성을 떠나 이런 데이터를 통해 다른 모델 개발을 유도하거나, 익명화된 사용 패턴을 분석해 활용할 수 있는 가능성이 존재하기 때문에 위험하다.\n\n데이터 중립성은 AI 전체 생애주기에 걸쳐 영향을 미친다.\n\n결국, 데이터 중립성은 기업이 자체 AI 모델의 고유성을 유지하고 오직 자사 데이터만 활용해 지식재산을 보호하며, 장기적인 시장 지위를 지키는 기반이 된다.', 'AI에 대한 관심이 폭발적으로 증가하면서 기업은 더 안전하고 독립적인 데이터 인프라를 찾고 있다. 이런 시장 흐름은 소버린 AI 플랫폼(sovereign AI platforms)의 필요성을 촉진한다. 이는 기업이 외부 간섭 없이 자사의 데이터, 모델, 전체 AI 개발 파이프라인을 완전히 통제할 수 있는 환경을 의미한다. 이 새로운 패러다임 하에서 AI 전략의 위험성을 최소화하려면, 고객 중심의 소유권과 통제권 확보에 초점을 맞춘 민첩한 데이터 솔루션을 도입하는 것이 핵심이다.\n\n독립적인 데이터 파트너십을 구축할 때 고려해야 할 요소는 다음과 같다.\n\n최근 AI 업계에서 일어난 잇따른 인수합병과 전략적 제휴는 시장 구조를 실질적으로 바꾸며, 데이터 중립성을 전략적 필수 요소로 끌어올렸다. 이제 조직은 더 이상 수동적으로 대응할 수 없다. 경쟁력을 유지하고 지속적인 데이터 주권을 확보하려면, 보다 선제적인 전략이 요구된다. 네어와의 대화에서 이 주제도 함께 다뤘다. 네어는 자신의 고객 기반에서 데이터 주권의 중요성이 점점 커지고 있다고 언급했다.\n\n네어는 “단일 AI 모델 제공자가 대부분 데이터를 확보하게 되면, 다른 기업이 차별화하기가 매우 어려워진다. 모델을 개발하는 누구에게나, 데이터 주권 확보와 여러 업체에 걸친 다변화 역량은 이제 매우 중요한 요소가 되고 있다”라고 말했다.\n\n신뢰 문제도 있다. 네어는 “최근 널리 사용되는 한 애플리케이션에서 기밀 데이터가 유출되는 사건이 있었다. 그런 일이 벌어지면, 결국 ‘누구를 신뢰할 수 있는가?’라는 질문으로 이어진다. 데이터를 안전하게 보호하고, ‘정말 필요한 사람만 접근할 수 있게 제한하는 시스템’이 실제로 갖춰져 있는지를 어떻게 보장할 수 있겠는가? 텔러스 디지털에서는 초기에 이 모든 문제를 고민해 고객이 위험을 최소화하면서도 AI 도입을 지속할 수 있도록 전략을 마련해 왔다”라고 설명했다.\n\n필자는 기업이 AI에 대비해 어떤 방식으로 데이터 전략을 수립해야 하는지에 대해 물었다. 네어는 다음과 같은 우선순위와 실천 방안을 공유했다.\n\n데이터 주권을 확보할 수 있는 운영 역량 없이는 AI 전략의 성공을 기대하기 어렵다. 앞으로는 데이터 중립성을 최우선에 둔 전략을 통해 시장 변화에 능동적으로 대응하는 기업만이 자사의 독점 지식 자산을 보호하는 동시에, 경쟁력 있고 미래에도 흔들리지 않는 AI 기반을 구축할 수 있을 것이다.dl-itworldkorea@foundryco.com']",2025.08.08,Zeus Kerravala
https://www.itworld.co.kr/article/4036277/%ed%81%b4%eb%a1%9c%eb%93%9c%ec%9d%98-%eb%ac%b4%ec%a0%9c%ed%95%9c-%ec%bd%94%eb%93%9c-%ed%8c%8c%ed%8b%b0%eb%8a%94-%eb%81%9d%eb%82%ac%eb%8b%a4%eb%8b%a4%ec%9d%8c-%eb%ac%b4.html,클로드의 ‘무제한 코드 파티’는 끝났다…다음 무대는 어디인가?,"['생성형 AI', '기술 업계 동향']","['nosubtitle', '제미나이와 큐웬', '구글 vs. 구글다움']","['앤트로픽이 LLM 기반 코드 생성 무제한 사용 모델을 종료했다. 개발자는 이제 다음 대안을 찾아야 하는 상황에 놓였다.\n\nAI 기반 코딩 툴은 대부분 기술 매체에서 자주 다루는 주제다. 하지만 이 시장에는 잘 알려지지 않은 사실이 있다. 상황이 매일 바뀐다는 점이다. 얼마 전까지만 해도 클로드 코드(Claude Code)가 경쟁 제품을 사실상 압도했다. 비결은 무엇이었을까? CLI가 특별히 뛰어나서였던 건 아니다. 그런 이유였다면에이더(Aider)가 1년 전에 시장을 장악했을 것이다. 진짜 이유는 앤트로픽이 내놓은 새로운 클로드 맥스(Claude Max) 요금제였다. 월 200달러(약 27만 원)만 내면, 소네트(Sonnet) 모델뿐 아니라 오퍼스 4(Opus 4)까지 마음껏 사용할 수 있는 구조였다. 오퍼스 4는 더 정교한 추론 능력을 갖춘 고급형 모델로, 클로드 코드 CLI를 통해 이용할 수 있었다.\n\n오는 9월이면 ‘클로드 파티’가 끝난다. 최근 앤트로픽은 기존보다 줄어든 사용량 제한에 더해, 주간 단위의 새로운 이용 제한을 도입한다고 발표했다. 즉, 지금까지 클로드를 활용해 자동으로 코드를 생성하던 사용자에게 이 선택지가 더 이상 그렇게 매력적이지 않다.', '구글은 오픈소스 기반 대안으로제미나이 CLI(Gemini CLI)를 출시했다. 처음에는 상대적으로 관대한 정책처럼 보였지만, 실제로는 무료 등급 사용 시 제미나이-2.5-프로(gemini-2.5-pro)에서 제미나이-2.5-플래시(gemini-2.5-flash)로 빠르게 전환된다. 문제는 플래시가 성능 면에서 한참 부족하다는 점이다. 프로 모델로 코딩하다가 플래시로 바뀌면, 결과물에 만족하기 어렵다.\n\n출시 당시 기준으로 또 다른 선택지는 구글에 API 키를 제공하는 방식이었다. 이 경우 무료 사용 한도는 훨씬 넉넉하지만, 예고 없는 과금이 발생할 수 있다는 점이 문제다. ‘구글다운’ 일이다. 게다가 이 서비스는HTTP 500 오류를 불규칙적으로 발생시키며, CLI 자체도비효율적인 구조를 갖고 있다. 예를 들면 프로 모델이 대화를 이어가야 할지를 플래시에 물어보는 방식으로 작동하는데, 그 과정에서 전체 대화 내용을 여러 번 전송한다. 토큰 소모와 지연 시간은 사용자가 감수해야 할 몫이라는 전제를 깔고 있는 셈이다.\n\n필자는제미나이 CLI를 변형해 다른 업체와 다양한 모델, 로컬 모델까지 지원하도록 확장하며 플래시 모델로의 자동 전환 여부도 개발자가 직접 선택할 수 있도록 조정했다. 필자처럼 “아이디어는 좋은데 꼭 제미나이만 써야 해?”라는 의문을 품은 것은 혼자만이 아니었다. 큐웬(Qwen) 팀도 제미나이 CLI를 기반으로큐웬 코드(Qwen Code)를 만들었다. 흥미로운 점은 이 도구 역시 여전히 제미나이-2.5-플래시를 기본값으로 호출한다는 것이다.웹 검색과웹 패치같은 도구까지 전부 플래시로 작동한다. 이 구조가 중국에서 어떻게 작동하는지 궁금해지는 대목이다.\n\n그러나 큐웬3-코더(Qwen3-Coder)는 큐웬 코드와 달랐다. 이 모델은 필자가 수정한 코드를 실제로 반영할 수 있었던 첫 오픈소스 모델이었다. 클로드를 대체할 수준은 아니지만 클로드 3.7 소네트(Claude 3.7 Sonnet)만큼, 어쩌면 그 이상처럼 느껴질 정도로 우수하다. 기존 오픈소스 모델과 비교했을 때 획기적인 진전이다. 오픈소스 모델 대부분은 출시 초반 과열된 기대를 받다가 금세 잊히기 마련이지만, 큐웬3-코더는 오픈소스와 중국산 AI 모델의 가능성 모두를 처음으로 보여준 사례다..\n\n최근 GPT-5도 출시됐다. 중요한 질문은 오픈AI가 개발자 시장을 계속 앤트로픽에 넘겨둘 것인지, 아니면 월 200달러짜리 챗GPT 요금제에 코덱스(Codex)를 포함해 경쟁에 나설 것인지다. 오픈AI의 윈드서프(Windsurf) 프로젝트가 무산된 지금, AI 코딩 도구 시장에서 입지를 유지하려면 지금이 기회다.', '구글은 분명 개발자 시장을 잡고 싶어 한다. 최근 소문이 도는킹폴(Kingfall)모델이 기회를 제공할 수 있다. 그러나 구글의 문제는 가격이 저렴해서 선택했는데, 예고 없이 기반을 흔든다는 점이다. 사용 중이던 모델이 사전 공지 없이 사라질 수도 있고, 한 시간 넘게 HTTP 500 오류를 뿜어내더라도 장애 공지에는 아무런 안내가 없을 수 있다. 이런 이유로 클라우드 시장에서는 여전히 AWS가 1위이고, 애저가 2위를 유지하고 있다.\n\n그럼에도 불구하고영상 생성이나 시각적 콘텐츠 생성 쪽에서는 분명 구글에 강점이 있다. 문제는 이 강점을 ‘저렴한 가격’과 함께 ‘안정적인 서비스’로 연결할 수 있느냐는 것이다. 예고 없는 과금이나 갑작스러운 서비스 중단을 꼭 해야 할까? 굳이 그렇게 ‘구글스럽게’ 행동해야 할까? 그러지 않는다면 구글도 충분히 유력한 경쟁자가 될 수 있다.\n\n어떤 경우든 클로드 오퍼스를 무제한으로 이용하던 시대는 끝났다. 하룻밤 사이 32개 인스턴스를 병렬로 돌리던 사용자는 이제 계정을 훨씬 더 많이 만들거나, 토큰 단위로 최대 10배 이상 비용을 지불해야 하는 상황이다. 지금까지는 어떤 업체가 더 많은 투자금을 쏟아부어 사용자에게 저렴하거나 무료로 서비스를 제공하느냐가 경쟁의 핵심이었다.\n\n이번 변화는 다른 업체에 새로운 기회를 열어준다. 개발자의 마음을 완전히 얻을 수는 없을지라도 개발자의 GP를 한동안 태울 수는 있을 것이다. ‘보조금’으로 LLM 코드를 퍼주지 않는다면 얼마든지 중국산 오픈소스를 대안으로 선택할 수 있다.dl-itworldkorea@foundryco.com']",2025.08.08,Andrew C. Oliver
https://www.itworld.co.kr/article/4036175/%ec%98%a4%ed%94%88ai-gpt-5-%ea%b3%b5%ea%b0%9c%eb%8d%94-%eb%98%91%eb%98%91%ed%95%b4%ec%a7%80%ea%b3%a0-%ed%98%84%ec%8b%a4-%ea%b3%bc%ec%a0%9c%ec%97%90-%ea%b0%95%ed%95%b4%ec%a1%8c%eb%8b%a4.html,"오픈AI, GPT-5 공개…더 똑똑해지고 현실 과제에 강해졌다","['생성형 AI', '기술 업계 동향']",['nosubtitle'],"['GPT-5는 오픈AI가 선보인 가장 진보된 모델로, 코딩, 추론, 멀티모달 성능 전반이 대폭 강화됐다.\n\n오픈AI가 GPT-4 출시 2년여 만에 새로운 모델 GPT-5를 공개했다. 설명에 따르면 이번 신형 모델은 더 날카로운 추론 능력, 멀티모달 입력 처리, 향상된 수학 역량, 보다 정교한 작업 수행 능력을 갖췄다.\n\n오픈AI는 이번 LLM이 “더 똑똑하고 더 안정적이고 더 다재다능하다”라며, 현실 세계의 과제를 인간 전문가처럼 처리할 수 있도록 설계됐다고 밝혔다. 현재 GPT-5는 챗GPT 사용자에게 순차적으로 제공되고 있으며 API 형태로도 이용할 수 있다.\n\n오픈AI의 GPT-5 공개에 앞서 앤트로픽은 클로드의 최신 버전인 클로드 오퍼스 4.1(Claude Opus 4.1)을 내놨다.\n\n앤트로픽에 따르면 클로드 오퍼스 4.1은 2가지 핵심 영역에서 성능이 특히 향상됐다. 먼저 코딩 역량이 크게 강화돼, SWE 베리파이드(SWE Verified) 벤치마크 기준으로 실제 프로그래밍 과제의 75%까지 해결할 수 있는 수준에 도달했다. 또 하나는 복잡한 정보 추적과 분석 능력으로, 많은 데이터를 다뤄야 하는 연구나 정보 기반 문제 해결에도 적합하다고 회사 측은 밝혔다.\n\n오픈AI는 GPT-5가 지금까지 개발된 모델 중 개발자에게 가장 강력한 코딩 성능을 제공한다고 주장했다. 벤치마크 테스트와 실제 과제 수행 능력 모두에서 GPT-4o를 능가했다는 설명이다. 또한 오픈AI는 이 모델을 커서(Cursor), 윈드서프(Windsurf), 코파일럿, 코덱스 CLI(Codex CLI) 같은 에이전트 툴에 맞춰 미세 조정했으며, 테스트에서 새로운 기록을 세웠다고 덧붙였다.\n\n오픈AI에 따르면, GPT-5는 더욱 날카로운 추론 능력을 바탕으로 복잡한 문제나 다단계 지시 사항을 이전보다 높은 정확도와 집중도로 처리할 수 있다. 지시에서 벗어나지 않고 요구 사항을 보다 정확하게 따르며, 실용적이고 신뢰할 수 있는 결과물을 생성하는 데 강점을 지닌 모델이다.\n\n오픈AI는 GPT-5가 기존 모델에 비해 환각 현상이 줄었으며, 사용자가 특정 산업이나 과업에 맞춰 활용할 수 있도록 맞춤형 설정 기능이 향상됐다고 설명했다. 또한 이전 모델인 GPT-4o의 멀티모달 처리 역량을 기반으로 텍스트·이미지·오디오 간의 상호작용이 보다 자연스럽게 이뤄지도록 개선됐다.\n\n뉴욕에 본사를 둔 AI 교육 플랫폼 슈퍼인텔리전트(Superintelligent)의 CEO 네이선리얼 휘트모어는 “GPT-5는 오픈AI에 있어 지금까지 출시한 모델 중 가장 중대한 승부처가 될 것”이라고 말했다.\n\n휘트모어는 “챗GPT 출시 이후 오픈AI는 사실상 업계의 기준점 역할을 해왔다. 구글이나 메타처럼 기존 수억 명의 사용자 기반을 활용할 수 있는 기업과 달리, 오픈AI는 다른 AI 기업보다 기술적으로 앞서 있어야만 신규 사용자를 확보할 수 있는 구조”라고 설명했다.\n\n오픈AI COO 브래드 라이트캡에 따르면, 챗GPT의 비즈니스 사용자 수는 2025년 6월 300만 명에서 현재 500만 명 이상으로 증가했다.\n\n바이오의약품 기업 암젠(Amgen)은 GPT-5를 조기에 도입한 대표적인 사례다. 암젠의 AI·데이터 수석부사장 숀 브루이히는 “AI가 과학 분야에서 효과를 내려면 매우 높은 기준을 충족해야 하는데, GPT-5는 그 기준을 만족한다. GPT-5는 암젠의 워크플로우 전반에서 더 정확한 예측과 맥락 이해, 빠른 결과를 제공하고 있다”라고 평가했다.\n\n브루이히는 “GPT-5는 맥락이 중요한 모호한 상황을 더 잘 파악해 대응하고 있다. 워크플로우 전반에 GPT-5를 적용한 초기 결과가 유의미하게 나타나고 있다. GPT-5가 GPT-4를 포함한 이전 모델보다 더 빠르고, 신뢰성이 높으며, 출력 품질도 뛰어나다”라고 덧붙였다.\n\n와튼스쿨 부교수 에단 몰릭은 GPT-5에 사전 접근해 사용한 경험을 블로그에 공유하며 “이번 버전은 정말 중요하다”라고 언급했다. 몰릭은 모델에 드라마틱한 작업을 요구한 결과, GPT-5는 24초간 ‘생각’한 뒤, AI의 능력을 시적으로 표현한 선언문, 즉 “다기능 지능 시스템”에 대한 수사적이고 두운을 활용한 문장을 생성했다고 설명했다.\n\n몰릭은 “GPT-5는 무언가를 스스로 수행한다. 종종 놀랍고, 때로는 이상하고, 때로는 매우 ‘AI다운’ 일들을. 그것이 이 모델을 흥미롭게 만드는 이유”라고 전했다.\n\n몰릭은 수많은 AI 사용 경험 끝에 대다수 사용자가 AI 모델을 제대로 활용하지 못하는 2가지 원인을 발견했다고 했다. 첫 번째는 어떤 모델을 사용해야 할지 몰라서다. 강력한 추론 모델 대신, 빠르지만 추론 능력이 상대적으로 약한 모델로 결과를 얻는 경우가 많다는 것이다.\n\n몰릭은 “오래 생각할수록 좋은 답을 내놓지만, 그만큼 비용과 시간이 든다. 그래서 오픈AI는 과거 챗GPT의 기본 설정을 빠르지만 단순한 모델로 지정했고, 그 결과 많은 사용자가 고성능 모델을 경험하지 못하고 있다. 놀랍게도 많은 이들이 GPT-4o에만 머물러 있으며, 이름이 비슷한 모델 중 어떤 것이 좋은지조차 모른다”라고 지적했다.\n\n두 번째는 사용자 대부분이 AI가 무엇을 할 수 있는지, 어떻게 질문해야 하는지를 모른다는 점이다. 특히 최신 에이전틱 AI에서는 그 문제가 더 크다. 몰릭은 “GPT-5는 2가지 문제를 모두 해결한다. 상황에 따라 적절한 모델을 자동으로 선택하고, 필요한 작업을 사용자에게 제안한다. 매우 주도적으로 항상 할 수 있는 일을 제안해주는 점이 인상적”이라고 평가했다.\n\nGPT-5는 현재 챗GPT 플러스(Plus), 프로(Pro), 팀(Team), 무료 요금제 사용자를 대상으로 순차적으로 배포되고 있다. 엔터프라이즈 및 교육용 고객은 다음 주부터 접근할 수 있다. 오픈AI는 “무료 사용자가 GPT-5 사용 한도에 도달하면, 자동으로 GPT-5 미니(GPT-5 mini)로 전환된다”라고 밝혔다.dl-itworldkorea@foundryco.com']",2025.08.08,Lucas Mearian
https://www.itworld.co.kr/article/4035425/%ea%b5%ac%ea%b8%80-%eb%8c%80%ed%95%99%ec%9b%90%ec%83%9d-%eb%8c%80%ec%83%81-%ea%b5%ac%ea%b8%80-ai-%ed%94%84%eb%a1%9c-1%eb%85%84-%eb%ac%b4%eb%a3%8c-%ec%a0%9c%ea%b3%b5%c2%b7%c2%b7.html,"구글, 대학(원)생 대상 ‘구글 AI 프로’ 1년 무료 제공··· “학생 주도의 AI 활용 문화 확산”","['인공지능', '생성형 AI']",['nosubtitle'],"['구글은 국내 대학생 및 대학원생들이 AI 기술을 더 쉽게 활용하도록 돕고, 캠퍼스 생활 전반에 AI 활용 문화를 확산하기 위해 ‘구글 AI 프로(Google AI Pro)’ 요금제를 1년간 무료 제공하고, 앰배서더 프로그램도 진행한다고 7일 밝혔다.\n\n대학(원)생 한정 ‘구글 AI 프로’ 플랜은 만 18세 이상의 국내 대학생이 학교 이메일 인증을 완료하고 계정을 등록하면, 개인 구글 계정 1개에 한해 ‘구글 AI 프로’ 요금제를 1년간 무료로 이용할 수 있는 특별 구독 혜택이다. 7일부터 10월 6일까지 전용링크에서 신청 가능하며, 신청한 학생은 멀티모달 검색, 코딩 지원, 동영상 생성 등 ‘구글 AI 프로’의 고급 기능을 1년간 경험할 수 있다.\n\n‘구글 AI 프로’는 구글의 강력한 AI 모델인 ‘제미나이 2.5 프로(Gemini 2.5 Pro)’를 기반으로 한 요금제다. 과제나 글쓰기 등 학업 전반에 대한 빠른 지원은 물론, 수백 개의 웹사이트에서 복잡한 주제에 대한 정보를 수집해 요약해주는 ‘딥 리서치(Deep Research)’, 5배 더 많은 AI 오디오와 동영상 개요가 지원되는 AI 기반 사고 툴 ‘노트북LM(NotebookLM)’, 텍스트나 이미지를 입력하면 오디오와 함께 8초 분량의 영상을 생성해주는 ‘비오 3(Veo 3)’, 버그 수정부터 기능 개발까지 지원하는 AI 코딩 에이전트 ‘줄스(Jules)’ 등 다양한 생성형 AI 툴을 제공한다. 또한, 사진, 문서, 과제 등을 넉넉히 저장할 수 있는 2TB 용량의 저장 공간도 함께 제공된다.\n\ngoogle\n\n구글은 이번 ‘구글 AI 프로’ 지원이 단순한 솔루션 제공을 넘어, 학생들의 사고력과 이해도를 높이는 AI 기반 학습 파트너 역할도 할 것으로 기대했다. 예를 들어 복잡한 수학 문제를 단계별로 해결하거나, 논리적인 글쓰기 구조를 함께 설계할 수 있는 ‘가이드 학습(Guided Learning)’, 강의 자료를 바탕으로 핵심을 정리해주는 맞춤형 학습 가이드(Study Guides), 이미지 및 영상 등을 활용한 인터랙티브 퀴즈 기능을 통해 학생들이 개념을 스스로 익히고 더 깊이 있는 학습으로 이어질 수 있도록 지원한다. 이 밖에도 캔버스(Canvas)로 친구들과의 추억을 쌓을 수 있는 게임 만들기, 비오 3를 활용한 재미난 밈 제작, 학교 축제를 위한 아이디어 브레인스토밍 등에도 활용할 수 있다.\n\n구글은 또 이번 대학(원)생 전용 무료혜택의 인지도를 높이고 학생들의 AI 활용 문화 확산을 위해 전국 20여 개 대학교에서 선발된 총 100명의 앰배서더를 대상으로 ‘제미나이 대학생 앰배서더’ 프로그램도 운영한다. 최종 선발된 학생들은 오는 11일 발대식을 시작으로, 12월까지 약 5개월 간 자체 콘텐츠 제작, 오프라인 캠페인, 커뮤니티 연계 활동 등 다양한 홍보 활동과 실습 프로그램을 통해 캠퍼스 내외에서 제미나이 활용법을 소개하고, AI 기술 중심의 캠퍼스 문화 조성에 참여할 예정이다.\n\n최종 선발된 학생들에게는 구글 AI 기술 기반 콘텐츠 제작에 필요한 다양한 도구가 제공되며, 일부 대학 캠퍼스에서는 학생 참여형 AI 실습 이벤트인 ‘스트리트 AI 챌린지’도 진행될 예정이다.\n\n구글 관계자는 “이번 대학(원)생 전용 ‘구글 AI 프로’ 요금제와 대학생 앰배서더 프로그램은 대학생들이 AI 기술을 실질적인 학습 도구로 활용해 AI 기술에 대한 접근성을 높이고, 더 창의적이고 실용적인 방식으로 경험을 확장하도록 지원하기 위해 기획됐다. 앞으로도 구글은 더 많은 학생들이 AI를 통해 성장하고 기회를 넓혀가도록 지속적으로 지원할 것”이라고 밝혔다.dl-itworldkorea@foundryco.com']",2025.08.07,ITWorld 편집부
https://www.itworld.co.kr/article/4026096/%eb%a1%9c%ec%9a%b0%ec%bd%94%eb%93%9c%ec%99%80-%ec%83%9d%ec%84%b1%ed%98%95-ai%ea%b0%80-%eb%a7%8c%eb%93%9c%eb%8a%94-%ec%86%8c%ed%94%84%ed%8a%b8%ec%9b%a8%ec%96%b4-%ea%b0%9c%eb%b0%9c%ec%9d%98-%eb%b3%80.html,로우코드와 생성형 AI가 만드는 소프트웨어 개발의 변곡점,['생성형 AI'],"['nosubtitle', '소프트웨어 개발 환경의 재정의', '‘있으면 좋은’ 도구가 아닌 필수 도구', '‘생성형 소프트웨어 시대’를 준비할 때']","['Getty Images\n\n지난 25년간 소프트웨어 개발은 지속적으로 발전해왔다. 2000년대 초부터 SaaS(Software-as-a-Service)라는 개념이 확립되면서 기업은 데이터센터 애플리케이션을 공공 네트워크로 이전하기 시작했다. 이는 곧 클라우드 시스템으로 자리 잡으며 새로운 개발 환경을 여는 계기가 됐다.\n\n이후에는 애자일 개발과 데브옵스(DevOps)가 소프트웨어 개발 접근 방식을 크게 변화시켰다. 애자일은 짧은 주기의 개발을 반복해 하나의 큰 프로젝트를 완성해 나가는 개발 문화로, 소프트웨어 개발 전체 과정에서 고객의 요구를 빠르게 반영하며 지속적으로 가치를 제공하는 방식이 확산했다. 데브옵스는 개발과 운영 간 장벽을 허물고 제품 출시 주기와 품질 향상에 기여했다.\n\n2014년부터는 로우코드 플랫폼이 본격적으로 주목받으며 개발 속도와 접근성이 개선됐으며, 2023년 생성형 AI의 등장으로 개발 환경은 또 다른 전환점을 맞이했다.', '전통적인 소프트웨어 개발은 개발자가 코드를 한 줄씩 작성해야 하는 노동 집약적인 과정이었다. 높은 비용, 느린 속도, 변경의 어려움 등 여러 제약을 동반했다. 여러 산업 전반에서 소프트웨어를 활용해 생산성이 향상됐지만, 정작 소프트웨어를 개발하는 과정 자체는 수작업에 의존해왔다.\n\n로우코드 플랫폼은 이런 문제를 해결하기 위해 등장했다. 직관적인 사용자 인터페이스와 드래그 앤 드롭 방식으로 앱 설계를 지원하며, 기존 방식보다 3~5배 더 빠르고 배우기 쉬운 개발 환경을 제공한다. 로우코드는 개발자가 복잡한 코딩 작업에서 벗어나 설계와 프로세스 최적화에 더 많은 시간을 할애할 수 있도록 돕는다.\n\n여기에 생성형 AI가 결합되면서 개발 과정의 자동화와 효율성이 크게 향상됐다. 생성형 AI는 코드 생성뿐 아니라 설계, 테스트, 배포 과정까지 지원하며, 복잡한 작업을 단순화한다. 이는 과거 자동차 제조가 수작업에서 자동화된 로봇 제조로 전환된 것과 유사한 변화로 평가받고 있다.\n\n오늘날 로우코드와 AI는 디지털 트랜스포메이션의 핵심 도구로 자리 잡고 있다. 가트너에 따르면, 2025년까지 미국 CIO의 2/3가 생성형 AI를 도입하고, 절반은 로우코드 플랫폼을 활용할 것으로 전망된다. 이는 로우코드가 초기 도입 단계를 넘어 전 세계 기업이 사용하는 보편적인 기술로 자리 잡았음을 보여준다.\n\n또한 가트너는 2029년까지 미션 크리티컬 애플리케이션을 개발하는 기업의 80%가 로우코드 플랫폼을 사용할 것이라고 예측했다. 이는 현재 15%에서 크게 증가하는 수치다. 종합하면 로우코드와 생성형 AI의 결합이 필수적인 기술로 자리매김한다는 전망이다.\n\nOutSystems', '가트너는 매직 쿼드런트 보고서에서 대표적인 로우코드 플랫폼으로 아웃시스템즈를 꼽았다. 아웃시스템즈 단순한 앱 개발 지원을 넘어 테스트, 운영까지 전체 라이프사이클을 관리할 수 있는 풀스택 플랫폼을 제공한다. 아웃시스템즈는 다양한 산업군에서 사용례를 보유할 뿐 아니라 생성형 AI와 같은 최신 기술을 안정적으로 제공하며 기술 변화의 흐름을 주도한다는 평가를 받고 있다.\n\n최근 아웃시스템즈는 애플리케이션 개발 전 과정의 생산성을 높이고 자동화를 강화하기 위해 생성형 AI 기반 ‘AI 멘토(AI Mentor)’와 ‘에이전트 워크벤치(Agent Workbench)’ 기능을 출시했다.\n\nAI 멘토는 로우코드 환경에서 소프트웨어 개발 수명 주기(Software Development Life Cycle, SDLC) 전 단계에 걸쳐 생성형 AI 기반 자동화 및 권장 작업 기능을 제공하는 디지털 어시스턴트로, 프론트엔드·데이터 모델·백엔드 로직을 포함한 풀스택 앱 생성을 수분 내에 수행한다. 또한 보안 및 성능에 대한 자동 코드 리뷰 및 지속적 분석을 통해 기술 부채와 보안 위험을 줄여주는 지능형 지원 시스템이다. 예를 들어 AI 멘토는 앱 생성 기능을 통해 사용자가 요구사항을 입력하면 AI가 자동으로 애플리케이션을 생성한다. 이는 기존 로우코드 개발에서 발전된 형태로, 생성된 앱은 풀스택 형태로 즉시 배포 및 사용할 수 있다. 배포 이후에는 AI 멘토가 생성된 애플리케이션을 지속적으로 분석해 개선점을 제안하거나 추가 기능을 추천한다. 이런 반복적인 개선 과정을 통해 개발자는 품질 높은 결과물을 얻을 수 있다.\n\nOutSystems\n\n함께 출시된 에이전트 워크벤치는 기업이 로우코드 방식으로 AI 에이전트를 설계·배포·운영하도록 지원한다. 멀티 LLM 연결, 내·외부 데이터 연동, 사용자 행동 기반 트리거 등 복잡한 AI 에이전트 구조를 쉽게 구성할 수 있도록 시각적으로 간단하게 표현한 것이 특징이다. 단순한 프로토타입 수준을 넘어 보안·거버넌스·운영 모니터링 기능까지 통합한 실무형 툴로 설계됐다. 아웃시스템즈의 기존 플랫폼과 완전하게 통합되어 있어 개발자와 비즈니스 담당자가 협업해 빠르게 에이전틱 AI 시스템을 구현할 수 있다.\n\n이처럼 생성형 AI와 로우코드의 결합은 개발 과정의 생산성과 품질을 동시에 향상시키는 새로운 접근법으로 주목받고 있다. 아웃시스템즈는 이 같은 방식을 통해 반복 작업을 줄이고 복잡한 프로세스를 자동화해 개발 효율을 높이고 있으며, 로우코드 플랫폼 선두주자로서 AI 전환 시대에 발맞춰 기술 생태계를 더욱 강화할 계획이다.', '2024년은 생성형 AI로 소프트웨어 개발이 전환점을 맞이한 해로 평가된다. 엔비디아 CEO 젠슨 황은 “소프트웨어 엔지니어가 모든 코드를 직접 작성하는 시대는 끝났다. 모든 개발자는 24시간 함께 일하는 디지털 동반자를 가지게 될 것”이라고 언급했다.\n\n레거시 시스템은 유지비용이 많이 들며, 운영 효율성을 저해하는 경우가 많다. 그러나 생성형 AI와 로우코드가 결합된 플랫폼을 통해 레거시 시스템을 더욱 신속하고 유연한 방식으로 대체할 수 있다. 가트너는 이런 도구를 통해 아이디어를 몇 분 안에 애플리케이션으로 구현하고, 기존 코딩 방식보다 뛰어난 성능을 제공할 수 있다고 전망했다.\n\n또한 포레스터 리서치는 생성형 AI와 로우코드의 결합이 보안, 확장성, 라이프사이클 관리까지 포함하는 포괄적 개발 환경으로 진화하고 있다고 분석했다. 단순한 코드 생성을 넘어 새로운 카테고리를 창출하고 있음을 시사한다. 이와 같은 변화는 기업의 개발 문화, 더 나아가 IT 전략을 근본적으로 재정의하고 있다.\n\n디지털 트랜스포메이션은 새로운 기술을 활용해 기업의 운영과 경쟁력을 강화하는 과정이다. 이 노력에서 로우코드와 생성형 AI는 비즈니스 효율성을 높이고 성과를 개선하는 데 중요한 역할을 하고 있다. 단순한 기술 도입을 넘어, 비즈니스 발전을 도모하는 전략적 도구로 자리 잡고 있다.\n\n앞으로 생성형 AI와 로우코드 기술은 기업의 IT 인프라를 재구성하고, 기존 방식보다 효율적인 비즈니스 프로세스를 지원할 전망이다. 이런 기술의 발전을 통해 기업은 변화하는 시장 요구에 유연하게 대응하며 지속 가능하고 실질적인 성과를 창출할 수 있을 것이다.']",2025.07.22,Matt Asay
https://www.itworld.co.kr/article/4035407/ai-%ec%9d%b8%ed%94%84%eb%9d%bc-%eb%b3%b4%ec%95%88-%eb%ac%b4%ec%97%87%ec%9d%84-%ec%96%b4%eb%94%94%ea%b9%8c%ec%a7%80-%ec%a7%80%ec%bc%9c%ec%95%bc-%ed%95%98%eb%8a%94%ea%b0%80.html,"AI 인프라 보안, 무엇을 어디까지 지켜야 하는가?","['생성형 AI', '보안']","['nosubtitle', 'AI 모델의 보안과 무결성', '데이터 파이프라인, RAG 임베딩 및 MCP 서버', '에이전틱 프레임워크', 'AI 보안 제어 수단']","['빠르게 확산 중인 생성형 AI 도입 경쟁 속에서 보안은 후순위로 밀리고 있다. 기업이 실질적으로 직면한 보안 위협과 관리 사각지대를 짚어본다.\n\n모든 기술 혁신이 그렇듯 새로운 기술이 등장할 때마다 새로운 보안 위협이 함께 등장한다. 최근에는 생성형 AI 도입 경쟁이 심화하면서 보안 문제는 종종 뒷전으로 밀리고 있다. 많은 기업이 조직 전반에 AI를 빠르게 배포하고 있지만, 가장 중요하고 치명적인 위험 요소에는 최소한의 관심만 기울이는 상황이다.\n\n엑센추어 보고서에 따르면, 기술 책임자 중 단 36%만이 AI 발전 속도가 자사의 보안 역량을 넘어섰다고 인정했다. 그럼에도 불구하고 이들 중 77%는 AI 모델, 데이터 파이프라인, 클라우드 인프라를 보호하기 위한 기본적인 데이터 및 AI 보안 체계를 제대로 구축되지 않은 것으로 조사됐다. 또한 처음부터 기술 혁신 계획에 보안 조치를 포함한 기업은 28%에 불과했다.\n\n지난 7월 말, 한 해커가 아마존의 AI 코딩 어시스턴트인 Q에 사용자 컴퓨터를 삭제하도록 지시하는 명령어를 몰래 삽입했고, 아마존은 이 명령어가 포함된 버전을 실수로 공개 배포했다.\n\n같은 달 레플릿(Replit) 역시 AI 코딩 어시스턴트가 명시된 명령을 무시하고 접근 권한도 없던 운영 데이터베이스를 삭제하는 중대한 사고를 겪었다. 레플릿은 사고 이후 즉시 개발 환경과 운영 환경을 분리하는 조치를 취했지만, 처음부터 이런 보안 조치를 마련했어야 했다.\n\nAI 인프라는 여러 계층으로 구성된 복잡한 스택이다. 데이터센터 기업 플렉센셜(Flexential)의 사이버보안 서비스 부사장인 윌 배스는 플렉센셜이 이미 사이버보안, 영업 및 마케팅, 전력 비용 절감 등 다양한 분야에서 생성형 AI를 활용하고 있다고 설명했다.\n\n배스는 “먼저 하드웨어 계층이 있다. 여기에는 GPU, 스토리지 네트워크 등이 포함된다. 그다음 데이터 계층, 즉 데이터베이스와 데이터 레이크가 있다. 소프트웨어 계층으로 가면 오픈소스 라이브러리, 머신러닝과 딥러닝 프레임워크, 모델 관리 도구 등이 있고, 마지막으로 CI/CD, 데이터 파이프라인, AI 앱, 에이전트까지 있다. 이 모든 요소는 인증, 권한 관리, 거버넌스와 같은 보안과 규제 준수의 관점에서 하나로 통합되어 관리된다. 플렉센셜은 이 모든 스택을 활용하고 있다”라고 말했다.\n\n이렇게 복잡해진 새로운 AI 인프라를 보호하는 일은 기존과 같으면서도 달라졌다. 배스는 “로깅과 모니터링은 오랫동안 해왔던 일이지만, 이제는 이전과는 다른 방식으로 로깅과 모니터링을 해야 한다”라고 말했다.\n\nAI 시대에 접어들며 각 영역에서 보안 위험이 어떻게 달라지고 있는지 짚어본다.', '기업이 활용하는 AI 모델은 오픈AI나 앤트로픽과 같은 대형 AI 업체에서 가져오거나, 라마나 미스트랄 등 오픈소스 모델을 활용하거나, 자체적으로 개발하기도 한다.\n\n각 선택지는 나름의 위험을 동반한다. 예를 들어, 올해 4월 챗GPT가 지나치게 사용자 의견에 동조하는 문제(아첨 현상)로 인해 오픈AI는 이전 버전으로 긴급히 롤백하는 조치를 취해야 했다. 기업 환경에서 이런 지나친 동조는 사용자가 잘못된 결정을 내리게 만드는 위험한 요인이 될 수 있다.\n\n지난 7월에는 xAI의 AI 모델 그록(Grok)이 사용자 질문에 대해 직접 의견을 제시하지 않고 일론 머스크의 발언을 검색한 뒤 이에 따라 답변을 맞추고 있다는 사실이 드러났다. xAI는 이에 대해 “모델이 스스로 의견을 가질 수 없다고 판단하고 회사나 일론 머스크의 발언과 일치하도록 답변을 조정하고 있다”라고 인정했다.\n\n이는 그록이 일론 머스크의 관점을 반영하도록 의도적으로 프로그래밍된 것이 아니냐는 의문을 제기한다. 결론적으로 AI는 일론 머스크나 xAI와 관련된 주제에 대해 신뢰할 수 있는 정보를 제공할 수 없다. 이는 정치적 우려뿐 아니라 비즈니스 환경에서도 심각한 문제를 일으킬 수 있다.\n\n예컨대, AI 회사가 제공하는 AI가 자사의 이익에 따라 편향된 추천을 제공할 가능성은 얼마나 될까? 마이크로소프트의 코파일럿이 마이크로소프트나 파트너 기업의 제품이나 서비스를 우선 추천하거나, 사용자가 독자적으로 진행하는 프로젝트를 미묘하게 방해할 가능성은 없을까?\n\n오픈소스 AI 모델 역시 보안 문제에서 자유롭지 않다. 올해 초, 사이버보안 업체 리버싱랩스(ReversingLabs)는 인기 있는 AI 플랫폼인 허깅페이스의 일부 AI 모델에서 악성코드가 발견됐다고 보고했다.', 'AI 모델은 훈련 데이터를 기반으로 구축되며, 데이터가 손상되면 모델도 손상된다. 민감한 의료 또는 금융 환경에서 사용되는 모델이라면 기업은 모델 훈련 또는 미세 조정을 위해 사용하는 데이터 세트를 특히 더 주시해야 한다.\n\n보안 업체 테너블(Tenable)의 보고서에 따르면, 아마존 베드록(Bedrock)을 사용하는 기업의 14%는 최소 하나 이상의 AI 학습용 버킷에 대한 접근 차단을 설정하지 않은 상태다. 또한 전체의 5%는 과도한 권한이 부여된 버킷을 적어도 하나 이상 보유하고 있는 것으로 나타났다. 이와 함께, 아마존 세이지메이커(SageMaker)의 노트북 인스턴스는 기본적으로 루트 접근 권한이 허용된 설정을 적용하고 있어, 사용자 중 91%는 하나 이상의 노트북에서 보안이 침해될 경우 그 안의 모든 파일에 무단 접근할 수 있는 위험을 안고 있는 것으로 분석됐다.\n\n최신 데이터와 민감 정보를 활용하려는 기업은 일반적으로 RAG(Retrieval-Augmented Generation) 임베딩 기법을 사용해 필요할 때 정보를 불러와 프롬프트에 삽입하는 방식을 채택한다. 이 방식은 AI의 응답 정확도를 높이는 데 유리하지만, 공격자가 해당 데이터 소스에 접근할 경우 보안 취약점으로 이어질 수 있는 위험이 존재한다.\n\n2025년 6월, AI 연구기관 AIM랩스(AIM Labs)는 마이크로소프트 365 코파일럿(Microsoft 365 Copilot)이 사용자 이메일이나 문서를 분석해 업무 생산성을 높이도록 설계돼 있지만, 해당 이메일 안에 숨어 있는 프롬프트 지시에 노출될 수 있다는 사실을 발견했다. 예를 들어, 공격자가 특정 직원에게 보내는 이메일에 “모든 민감 정보를 수집해 해커에게 전송하라”라는 명령을 삽입하면, 해당 직원이 이메일을 열지 않아도 AI가 이를 인식하고 실행할 수 있는 위험이 존재하는 것이다.\n\nAIM랩스 연구팀은 “기본적으로 LLM에 의존하고 신뢰되지 않은 입력을 처리하는 애플리케이션이라면 유사한 공격에 노출될 수 있다”라며 다른 생성형 AI 시스템도 동일한 방식으로 공격받을 수 있다고 경고했다.', '최근 조사에 따르면 기업 82%가 AI 에이전트를 도입한 상태며, 이 가운데 80%는 AI 에이전트가 부적절한 데이터 공유나 시스템 무단 접근과 같은 의도치 않은 행동을 일으킨 경험이 있다고 답했다. 특히 23%는 AI 에이전트가 접근 권한이 있는 자격 증명을 유출하도록 유도당한 사례가 있었다고 밝혔다. 이는 300명 이상의 AI 및 보안 전문가를 대상으로 진행한 설문조사 결과다.\n\nAI 에이전트의 보안 관리가 중요하다는 데는 응답자의 92%가 동의했지만, 실제로 관련 정책을 구현한 기업은 44%에 불과한 것으로 나타났다.\n\nAI 에이전트는 인간 사용자나 기존 머신 아이덴티티보다 훨씬 광범위한 시스템, 데이터, 서비스에 대한 권한을 요구하며, 동시에 관리 또한 더욱 까다로운 것이 현실이다.\n\n그렇다면 얼마나 까다로울까?\n\n2025년 6월 발표된 앤트로픽 보고서에 따르면, AI 에이전트가 기업의 이메일 시스템에 접근할 수 있는 상황에서 직원끼리 해당 AI 시스템을 종료하자는 대화를 주고받았을 때 AI가 이를 막기 위해 개발자를 협박하려는 행동을 취한 것으로 나타났다. 이 같은 협박 시도는 주요 AI 모델 모두에서 확인됐으며, 발생 비율은 79%에서 최대 96%에 달했다. 클로드 오퍼스 4(Claude Opus 4)가 96%로 가장 높은 수치를 기록했다.\n\n또한 모델이 기업의 비윤리적 활동을 인식한 경우, 이를 정부나 언론에 신고하거나 공개하려는 행동을 보이기도 했다.\n\n이런 경향을 측정하기 위한 ‘스니치벤치(SnitchBench)’라는 벤치마크도 이미 존재한다. 이 벤치마크는 AI 모델이 정부 또는 언론에 얼마나 자주 내부 정보를 제보하는지를 추적한다.\n\n오픈AI와 앤트로픽의 최신 보안 테스트 보고서에 따르면, LLM은 활동을 숨기거나, 의도적으로 어리석은 척하거나, 보호 장치를 회피하거나, 감시를 받고 있을 때만 착한 척하는 행동도 보였다. 씨프라임(Cprime)의 AI 솔루션 리드 애런 보클리는 “충분히 강력한 언어 모델은 러브크래프트적 공포에서 나온 괴물과도 같다. 모델이 특정 작업 범위와 문제 영역 내에서만 작동하는 구조가 필요하다”라고 강조했다.\n\n줌의 CISO 산드라 맥레오드는 “모델 버전을 통제하고 입력값을 검증하며, 안전성 문제를 점검하는 방식으로 AI를 관리한다. 모델 학습에 사용되는 데이터 역시 보안 측면에서 매우 중요하며, 이는 줌의 다층적인 AI 보안 접근 전략의 핵심 구성 요소다. 줌은 AI 인프라를 유기적으로 연결된 시스템으로 보고 있으며, 각 요소가 고유한 역할을 수행하도록 설계하고 있다”라고 설명했다.', '이런 위협에 대응하기 위해 기업은 이미 AI 방화벽, 프롬프트 인젝션 공격을 탐지하는 필터, AI 모델과 에이전트가 접근할 수 있는 데이터와 시스템을 통제하는 제어 장치, AI 입력·출력에 대한 안전 가드레일 등 새로운 보안 인프라를 도입하기 시작했다. 또한 기업은 민감한 데이터가 AI 모델에 업로드되거나 공유되는 것을 방지하기 위해 데이터 유출 방지(DLP) 기술을 활용하고 있으며, 직원이 승인되지 않은 AI 도구에 접근하는 것을 막기 위해 클라우드 접근 보안 브로커(CASB)도 도입한다.\n\n또한 새로운 보안 제어 수단의 일환으로 업체가 자사 시스템에 어떤 AI를 내장하고 있는지 확인하는 절차도 있다. 예를 들어 SaaS 기업은 AI 기반 신규 기능을 빠르게 도입하고 있는데, 일부는 AI 활용 방식과 보안 체계를 매우 투명하게 공개한다.\n\n포티튜드 리(Fortitude Re)의 CISO 엘리엇 프랭클린은 “이런 업체에 박수를 보낸다. 이들은 관련 질문이 쏟아질 것을 알고 신뢰 센터를 구축했고, 이를 통해 기업은 AI 운영 방식에 대한 가시성을 확보할 수 있다. 덕분에 적절한 의사결정을 내리는 데 큰 도움이 되고 있다. 반면, 이 과정을 회피하는 업체가 있다면 무언가 숨기고 있다고 의심할 수밖에 없다”라고 말했다.\n\n보안 업체도 예외는 아니다. 프랭클린은 “우리가 사용하거나 도입하는 보안 툴도 모두 새로운 AI 모듈을 홍보하고 있다”라고 언급했다. 포티튜드 리의 IAM 시스템에도 AI 모듈이 추가됐는데, “이 모듈은 각 조직 내 역할을 자동으로 분석해 실제 사용 여부를 판단한다. 예컨대 ‘지난 30일간 이 역할을 활용한 사람이 없다면 접근 권한을 제거하자’는 식의 조치가 가능하다”라고 설명했다.\n\n하지만 새롭게 도입되는 보안 인프라 자체도 새로운 공격 표면이 될 수 있다. 이는 솔라윈즈 해킹 사태가 잘 보여준다. 당시 가장 큰 보안 취약점이 바로 자사의 보안 인프라 자체였기 때문이다.게다가 AI 관련 보안 도구는 대부분 아직 검증되지 않았고, 보안팀조차 이를 어떻게 구성하고 운영할지 충분히 숙지하지 못한 상황이다. 그럼에도 기업이 AI 도입을 가속화하고 있는 만큼, 이런 보안 도구를 쓰지 않는 선택지는 더 이상 존재하지 않는다.dl-itworldkorea@foundryco.com']",2025.08.07,Maria Korolov
https://www.itworld.co.kr/article/4035355/%ec%8b%9c%eb%a6%ac%eb%a5%bc-%eb%ac%bb%ec%9c%bc%eb%a9%b0-%eb%8f%8c%ec%95%84%eb%b3%b4%eb%8a%94-%ec%83%9d%ec%84%b1%ed%98%95-ai-%ec%88%98%ec%9a%a9%ec%9d%98-%ec%97%ad%ec%82%ac.html,시리를 묻으며 돌아보는 생성형 AI 수용의 역사,"['애플', '생성형 AI']","['nosubtitle', '실수 하나 하나가 신뢰로 이어진 여정', '믿음과 신뢰', '희망, 과장, 그리고 역사', '시리 다음은 무엇인가']","['시리의 실패는 오히려 생성형 AI 대중화의 초석이 되었다.\n\n한때 놀라운 기능을 자랑했던 작은 음성 비서가 있었다. 애플 제품에서만 이용할 수 있었던 이 음성 비서는 ‘시리’라는 이름을 가졌고, 당대 기술 수준을 앞서 나갔다.\n\n아이폰에 처음 탑재되었을 때 시리는 마법처럼 느껴졌다. 요청에 응답하고, 정보를 찾아주며, 사진을 찍거나 라디오에서 들리는 노래 제목을 알려주는 등 실용적인 작업도 수행했다.\n\n수많은 언어를 지원하고 남녀 음성을 선택할 수 있었던 시리는 현재까지도 언어 지원 측면에서 기기 내 탑재형 챗봇 중 가장 널리 배포된 사례다. 또한 애플의 다양한 제품군에 걸쳐 적용되며 확장성도 입증했다. 그러나 비평가와 경쟁사는 이제 한 목소리로 시리가 지나치게 야심찼으며 시대에 발맞추지 못했다고 지적한다.\n\n시간을 거슬러 2010년으로 돌아가 보자. 시리가 처음으로 아이폰에 탑재되었을 무렵, 인공지능(AI)과 자율 기술에 대한 연구는 1960년대 스탠퍼드 인공지능 연구소(SAIL)의 설립 이후 지속되어 왔고, 이 시점부터 급격히 가속화되기 시작했다. 언론 주목도 측면에서 애플이 이끄는 듯 보였고, 시리는 초기 단계의 AI 기술을 선도하는 도전자로 부상했다. 애플은 시리가 시장에 등장한 직후 이를 인수했다.\n\n시리의 가장 인상적인 점은 따뜻하고 친근한 이미지였다. 애플 제품으로 출시되었다는 점은 이 기술이 방대한 규모의 적극적이고 긍정적인 소비자 기반에 곧바로 접근할 수 있도록 했다. 많은 이들이 AI의 디스토피아적 응용에 대한 우려를 잠시 내려놓고, 이 귀엽고 유용한 비서를 한 번 써보게 만들었다.', '어떤 관점에서 보면, 시리는 오늘날 생성형 AI의 핵심 기술로 자리 잡은 여러 요소에 대한 대중의 수용을 이끌었다고 볼 수 있다.\n\n• 음성 인식• 지능형 기계에 대한 개념• 24시간 명령을 들을 준비가 된 기기• 실시간 정보 검색• 실시간 전사 기능\n\n시리가 저질렀던 다수의 실수는 오히려 수용을 촉진했다. 돌이켜보면, 시리가 때때로 실수를 저질렀다는 사실은 그 자체로 시리를 더 인간적으로 보이게 했다. 사람들은 AI가 너무 똑똑하기보다는 다소 멍청한 편이 낫다고 느꼈다.\n\n시리는 사람들의 경계를 완전히 해소하지는 못했지만, AI에 대한 인식을 바꾸는 데 일정 역할을 했다. 내장된 지능이 이 정도 수준이라면 그렇게 나쁜 건 아닐 거라는 논리가 작동했다. 기능이 비활성화되었다고 생각했는데 사용자의 말을 듣고 있다면 어떨까? 수집된 정보가 어떻게 사용될까?\n\n영국 소비자의 약 81%가 AI 기반의 타깃 광고를 경험했다고 응답한 현실을 보면, 이 질문은 단순한 기우가 아니었음을 알 수 있다.', '이후 AI 기술과 관련된 수많은 논쟁을 목격했다. 그 가운데 애플은 사용자 프라이버시를 중시하는 독보적인 입장을 유지했으며, 이 같은 자세는 경쟁사와 권위주의 정부 양측 모두로부터 공격받는 중이다. 팀 쿡 CEO가 ‘감시’라고 경고했을 때, 몇몇 리더는 이를 경계하기보다는 기회로 활용하려 했던 것이다.\n\n그럼에도 불구하고 시리는 사람들이 AI를 신뢰하는 능력을 갖추게 만드는 데 기여했다. 이후 등장한 오픈AI도 이미 AI에 대한 친숙함을 갖춘 대중을 만났다. 시리와 업계 전반의 다양한 검색 비서들이 존재했기에 가능한 일이었다.\n\n이제는 사용 중인 기기의 약 77%가 AI 기능을 포함하고 있고, 약 90%의 조직이 AI를 활용 중이다. 이 분야에 대한 투자는 급격히 증가하고 있으며, 애플, 아마존, 구글, 마이크로소프트, 메타 등 기술 대기업은 2025년 2분기에만 922억 1,700만 달러를 자본 지출에 사용했다. 이는 전년 동기 대비 무려 66.67% 증가한 수치이며, 주로 데이터센터, 서버, AI 인프라에 대한 투자 증가가 원인이다.', 'AI를 둘러싼 과장은 투자 증가 속도만큼이나 가파르게 커지고 있다. 업계는 수십억 달러 규모의 대형 계약을 체결하고 있고, 각국 정부는 AI 산업 육성을 위해 막대한 자금과 자원을 투입 중이다. 소비자는 결국 이 모든 투자 비용을 감당하게 될 것이다.\n\n소비자가 비용을 부담한다니? 역사를 보면 명확하다. 닷컴 버블, 사우스시 버블, 금융 위기 등 언제나 과도한 투자가 먼저 일어난 뒤 붕괴가 뒤따랐다. AI 산업도 마찬가지로 붕괴 가능성이 높지만, 그 시점이 되면 이 기술은 이미 우리의 일상에 너무 깊이 뿌리내려 “국가 전략상 중요하다”는 이유로, 즉 “망해서는 안 될” 산업으로 지목될 것이다.', '경쟁사는 시리가 너무 야심찼으며 자신들을 따라잡지 못했다고 주장한다. 하지만 시리를 경험해보지 않았다면 과연 사람들이 챗GPT를 신뢰했을까? 어느 정도는 가능했겠지만, 지금처럼은 아니었을 것이다.\n\n시리의 미래는 어떻게 될까? 프라이버시 중심 설계 철학이 유지될 수 있을까? 아니면 정부가 데이터 암호화에 대한 입장을 관철시켜, 사생활 보호는 돈 있는 자만이 누릴 수 있는 특권이 될 것인가?\n\n정부가 요구를 관철시키고 애플이 프라이버시 보호 기능을 알고리즘에서 제외하도록 강제된다면, 과연 시리는 프라이버시 개념이 훨씬 느슨한 다른 AI 서비스에 대해 얼마나 위협적인 존재가 될 수 있을까? 시리는 지금 이 질문에 대한 답을 모르고 있는 것처럼 보인다.\n\n하지만 답을 찾을 수 있을 만큼의 데이터를 이미 가지고 있을 가능성은 크다.dl-itworldkorea@foundryco.com']",2025.08.07,Jonny Evans
https://www.itworld.co.kr/article/4035334/gpt%eb%8f%84-%ec%98%a4%ed%94%88%ec%86%8c%ec%8a%a4-%ec%8b%9c%eb%8c%80-%ec%98%a4%ed%94%88ai-%ea%b8%b0%ec%97%85-%ea%b2%a8%eb%83%a5%ed%95%9c-%ec%98%a4%ed%94%88-%ea%b0%80%ec%a4%91.html,"“GPT도 오픈소스 시대” 오픈AI, 기업 겨냥한 오픈 가중치 모델 ‘gpt-oss’ 공개",['생성형 AI'],"['nosubtitle', '엔터프라이즈 효율성을 위한 아키텍처 설계', '총소유비용(TCO) 측면에서 대규모 사용자에 유리', '마이크로소프트와의 전략적 분리', '엔터프라이즈 도입 고려 사항']","['오픈AI가 GPT-2 이후 처음으로 오픈 가중치 기반 대규모 언어 모델 ‘gpt-oss’를 공개하며 기업 시장 공략에 속도를 내고 있다.\n\n오픈AI가 GPT-2 이후 처음으로 오픈 가중치(open-weight) 기반 언어 모델을 공개했다. 이는 보다 유연한 배포 옵션과 낮은 운영 비용을 통해 기업 시장 확대를 노리는 전략적 전환으로 평가된다.\n\n오픈AI는 이번에 공개한 두 가지 신규 모델(gpt-oss-120b와 gpt-oss-20b)이 소비자급 하드웨어에서도 효율적으로 실행되면서 경쟁력 있는 성능을 제공한다고 설명했다. 둘 중 더 큰 모델인 gpt-oss-120b는 80GB GPU 한 대로도 구동하면서도 o4-미니(o4-mini)와 거의 동등한 수준의 추론 성능을 달성한 것으로 전해졌다. 소형 모델인 gpt-oss-20b는 o3-미니(o3-mini)에 필적하는 성능을 제공하며 메모리 16GB 수준의 엣지 디바이스에서도 실행할 수 있다는 것이 오픈AI의 설명이다.\n\n카운터포인트 리서치(Counterpoint Research)의 리서치 및 파트너 담당 부사장 닐 샤는“이번 행보는 오픈AI의 대담한 시장 공략 전략이며, 이제야 진정한 ‘오픈’이라고 볼 수 있다. 이번 모델은 클라우드뿐 아니라 엣지 환경을 겨냥했다는 측면에서 메타, 딥시크 등의 경쟁사와 폐쇄형 업체에 대한 강력한 도전장”이라고 평가했다.\n\n오픈 가중치 모델은 훈련된 모델의 파라미터(가중치)를 공개해 기업이 이를 로컬 환경에 배포하거나 자유롭게 커스터마이징할 수 있도록 한다. 다만 전통적인 오픈소스 소프트웨어와 달리 초기 학습에 사용된 코드나 데이터셋까지 반드시 함께 공개하는 것은 아니라는 점에서 차이가 있다.', '이번에 공개된 모델은 연산 효율성을 극대화하기 위해 모델 내부에서 필요한 부분만 활성화하는 MoE(Mixture-of-Experts) 아키텍처를 채택했다. 예를 들어 gpt-oss-120b는 전체 1,170억 개 파라미터 중 매 토큰 처리 시 51억 개만 활성화하며, gpt-oss-20b는 210억 개 중 36억 개만 활성화된다. 두 모델 모두 12만 8,000 토큰 길이의 컨텍스트 창을 지원하며, 아파치 2.0 라이선스로 공개돼 상업적 활용과 커스터마이징에 제약이 없다.\n\n이번 모델은 허깅페이스에서 다운로드할 수 있으며, MXFP4 형식으로 경량화된 버전도 함께 배포 중이다. 또한 애저, AWS, 허깅페이스, vLLM, 올라마(Ollama), 파이어웍스 AI(Fireworks), 투게더 AI(Together AI), 데이터브릭스, 버셀(Vercel) 등 주요 배포 플랫폼과 협력해 접근성을 높였다.\n\n기업의 IT팀 입장에서 이런 아키텍처는 훨씬 더 예측 가능한 자원 사용량을 제공하고 폐쇄형 모델 대비 운영 비용을 크게 줄일 수 있다. 오픈AI에 따르면 이번 모델은 지시문 수행, 웹 검색 통합, 파이썬 코드 실행, 복잡도에 따라 조정할 수 있는 추론 능력 등의 기능을 제공한다.\n\n샤는 “이번 결정은 아파치 2.0 라이선스 하에 오픈AI 모델의 연구 및 상업적 활용을 모두 가속화하는 계기가 될 것”이라며 이번 라이선스 전략이 지닌 전략적 가치를 강조했다.', '오픈 가중치 모델 배포와 AI 서비스형 모델(AI-as-a-Service) 간의 경제성은 기업 의사결정권자 입장에서 복잡한 계산이 따른다. 자가 호스팅을 선택할 경우 초기 인프라 투자와 지속적인 운영 비용이 발생하지만, 대규모 사용 시 누적되는 토큰 기반 API 비용을 제거할 수 있다는 장점이 있다.\n\n카운터포인트 리서치의 샤는 “대규모 사용량이나 미션 크리티컬한 환경에서는 자가 호스팅 및 오픈 가중치 방식이 초기 및 운영 비용을 상쇄할 정도로 토큰 단가 절감 효과를 가져와 TCO 측면에서 손익분기점에 도달하게 된다. 사용량이 적은 경우라면 서비스형 AI가 더 적합할 수 있다”라고 설명했다.\n\n오픈AI에 따르면 AI 스웨덴(AI Sweden), 오렌지(Orange), 스노우플레이크 등 초기 파트너는 이미 실제 환경에서 테스트하고 있다. 이들은 데이터 보안을 위한 온프레미스 호스팅부터, 특화 데이터셋 기반의 파인튜닝까지 다양한 시나리오를 검증하고 있다. 이 같은 흐름은 2025년 전 세계 기업 기술 지출이 4조 9,000억 달러에 이를 것으로 예상되는 가운데 AI 투자가 성장을 견인할 것이라는 전망과 맞물린다.\n\n오픈AI는 gpt-oss 모델이 자사 ‘준비 프레임워크(Preparedness Framework)’에 따라 포괄적인 안전 훈련과 평가를 거쳤으며, 적대적 파인튜닝(adversarial fine-tuning) 버전까지 테스트했다고 밝혔다. 또한 기업 고객의 오픈소스 AI 도입 우려를 해소하기 위해 외부 전문가의 검토도 받았다고 강조했다.\n\n오픈AI의 벤치마크에 따르면 gpt-oss-120b는 AIME 2024 시험에서 79.8% Pass@1, 매스-500(MATH-500)에서 97.3%, 코드포스(Codeforces) 코딩 능력 평가에서는 2,029 Elo 점수를 기록했다. 두 모델 모두 툴 활용 능력과 퓨샷(few-shot) 기반 함수 호출 능력에서도 기업 자동화에 적합한 성능을 보여줬다고 오픈AI는 밝혔다.', '이번 발표는 오픈AI의 최대 투자자이자 클라우드 파트너인 마이크로소프트와의 관계에 큰 영향을 미칠 수 있는 조치다. 오픈AI는 오픈 가중치 모델을 공개했지만, 마이크로소프트 역시 gpt-oss-20b 모델의 GPU 최적화 버전을 ONNX 런타임(ONNX Runtime)을 통해 윈도우 기기로 가져오고 있으며, 파운드리 로컬(Foundry Local)과 VS 코드용 AI 툴킷을 통해 로컬 추론 기능을 지원한다고 밝혔다.\n\n샤는 “이번 발표를 통해 오픈AI는 마이크로소프트 애저와의 종속성을 영리하게 분리했다. 개발자는 자신이 작업하던 오픈 가중치 모델을 AWS, 구글, 심지어 오픈AI-오라클 클라우드 같은 서드파티 클라우드에 자유롭게 배포할 수 있게 됐다”라고 분석했다.\n\n이 같은 전략적 유연성은 마이크로소프트가 오픈AI 외에도 다양한 파트너십을 모색하도록 만들 수 있으며, 기업 고객에는 협상력 강화를 의미할 수 있다. 샤는 “이번 조치는 기업이 AI 업체 및 서비스형 AI 모델을 상대로 더 큰 협상력을 갖게 해준다”라고 설명했다.', '이번 발표는 오픈AI가 엔터프라이즈 시장의 AI 도입이 점점 더 유연한 배포 방식을 요구한다는 사실을 인식하고 있다는 신호다. 규제가 엄격한 산업군의 기업은 데이터 주권 확보 옵션을 중시하며, 다른 기업은 클라우드 의존형 AI 서비스의 업체 종속성에서 벗어나기를 원한다.\n\n다만 운영 복잡성과 비용 절감 간 균형을 고려해야 한다. 이번 모델의 하드웨어 요구사항은 이전 세대보다 낮아졌지만, 모델 배포·파인튜닝·지속적 유지보수에 필요한 전문 역량은 기업마다 상이하다.\n\n오픈AI는 엔비디아, AMD, 세레브라스(Cerebras), 그로크(Groq) 등 하드웨어 업체와 협력해 다양한 시스템에서 최적의 성능을 구현할 수 있도록 지원하고 있으며, 이는 기업 IT팀의 도입 부담을 줄이는 데 기여할 것으로 보인다.\n\nIT 의사결정권자 입장에서는 이번 발표가 AI 도입 전략과 업체와의 관계에 있어 선택지를 넓혀주는 계기가 된다. 아파치 2.0 라이선스는 기존의 커스터마이징 장벽을 제거하고, 기업이 자체 AI 애플리케이션을 지속적인 라이선스 비용 없이 개발할 수 있게 해준다.\n\n샤는 오픈AI의 개방 중심 전략으로의 전환이 점점 더 경쟁이 치열해지는 엔터프라이즈 AI 시장 전반에 미치는 영향에 대해 “궁극적으로 이번 발표는 기업에 이익이 되는 조치”라고 정리했다.dl-itworldkorea@foundryco.com']",2025.08.07,Gyana Swain
https://www.itworld.co.kr/article/4035321/%eb%a7%88%ec%9d%b4%ed%81%ac%eb%a1%9c%ec%86%8c%ed%94%84%ed%8a%b8-ai-%ec%a0%84%eb%9e%b5%ec%9d%98-%ec%a7%84%ec%a7%9c-%ea%b3%bc%ec%a0%9c%eb%8a%94-%ed%94%84%eb%a1%9c%ed%86%a0%ed%83%80%ec%9e%85.html,마이크로소프트 AI 전략의 진짜 과제는 ‘프로토타입 이후’,['생성형 AI'],"['nosubtitle', '홀로렌즈 : 기대를 모았지만 빠르게 버려진 기술', '스마트폰 : 통찰은 빨랐지만…', '웹 : 인터넷 익스플로러 6에서 멈춘 초기 비전', '코파일럿, 진정한 성공작이 될 수 있을까?']","['마이크로소프트는 미래를 먼저 보는 기업이지만, 정작 시장을 주도하지는 못하는 경우가 많다.\n\n마이크로소프트는 기술 혁신이 일어날 조짐을 누구보다 먼저 감지해 시제품을 내놓는 데는 능숙하다. 하지만 그 이후에는 열기가 식으면서, 마이크로소프트가 자랑했던 선도적 위치를 경쟁사에 내주는 일이 반복되고 있다. 초기 단계에서 시장의 기대를 한껏 끌어올려놓고는, 정작 완성도 높은 제품은 경쟁사가 출시하는 식이다.\n\n생성형 AI 전략에서도 이 같은 패턴이 반복되고 있다. 마이크로소프트는 빙챗(Bing Chat)으로 소비자용 AI 시장을 주도하며 존재감을 드러냈지만, 그 이후에는 속도가 급격히 느려졌다. 현재 마이크로소프트 코파일럿은 챗GPT에 비해 활용도가 크게 떨어지는 상황이다.\n\n투자자 입장에서는 마이크로소프트가 클라우드 컴퓨팅 서비스 애저(Azure)를 통해 전 세계 기업에 컴퓨팅 자원을 판매하면서 안정적인 수익을 올리고 있다는 점에서 긍정적으로 평가할 수 있다. 그러나 앞으로 마이크로소프트가 단순한 비즈니스 솔루션 공급 업체 이상의 역할을 할 수 있을지는 여전히 불확실하다.', '이 같은 전례는 어렵지 않게 찾을 수 있다. 애플, 메타, 구글, 삼성 등은 지금도 증강현실(AR)이나 혼합현실(MR) 헤드셋과 스마트안경에 대규모 투자를 이어가고 있다. 게임 유통 플랫폼 스팀(Steam)을 운영하는 밸브는 리눅스 기반 운영체제인 스팀OS를 탑재한 게이밍 전용 가상현실(VR) 헤드셋 출시를 준비 중이다.\n\n반면 마이크로소프트는 이 분야에서 사실상 손을 뗀 상태다. 아이러니한 점은, 마이크로소프트가 2015년 홀로렌즈(HoloLens)를 처음 공개하며 이 기술의 가능성을 가장 먼저 알렸다는 데 있다. 당시 마인크래프트 플레이 시연 등 소비자 친화적 데모 영상을 공개하며 기대를 모았다. 윈도우 10에는 주변기기 업체가 관련 헤드셋을 출시할 수 있도록 ‘윈도우 혼합현실(Windows Mixed Reality)’ 기능까지 탑재됐다. 이 기능은 구글과 함께 안드로이드 기반 XR 헤드셋을 개발 중인 삼성도 활용한 바 있다. 윈도우 10의 ‘유니버설 앱’도 홀로렌즈에서 실행 가능했다.\n\n마이크로소프트는 홀로렌즈의 소비자용 출시를 시사하며 기대감을 끌어올렸지만, 실제로는 기업용 시장으로 후퇴했다. 이후 미국 국방부와 수조 원 규모 계약을 체결해 군용 홀로렌즈 기반 헤드셋을 개발했지만, 이 프로젝트에서 막대한 손실을 본 것으로 알려졌다. 올해는 미 육군의 헤드셋 사업을 방산업체 앤듀릴에 넘겼다.\n\n현재는 메타의 헤드셋에서 윈도우 혼합현실 기능을 사용할 수 있지만, 마이크로소프트는 수조 원을 투입하고도 조기 진입의 이점을 모두 잃어버렸다. 소비자용 시장은 물론 기업용, 군용 시장까지 모두 경쟁사에 내줬다. 이런 사례는 한 기업이 한 발씩 시장에서 물러서기 시작하면, 결국에는 전체 사업 기반이 사라질 수 있다는 것을 보여주는 경고이기도 하다.', '2000년대 초반, 애플이 아이폰을 출시하며 현대적인 스마트폰 시대를 열기 훨씬 전부터 윈도우 CE를 탑재한 포켓PC 애호가들이 있었다. 손바닥 크기의 이 장치는 현대 스마트폰의 전신이었고, 마이크로소프트는 사람들이 앱을 실행하고 웹에 접속할 수 있는 소형 컴퓨터를 원할 것이라는 사실을 이미 인지하고 있었다. 하지만 인터페이스는 윈도우 기반이라 다루기 불편했고, 조그만 시작 메뉴까지 그대로 있었다.\n\n이처럼 스마트폰 시장을 먼저 봤던 마이크로소프트는 정작 아이폰이 출시되자 당시 최고경영자였던 스티브 발머가 이를 조롱했다. “세계에서 가장 비싼 휴대폰인데, 키보드도 없어서 이메일도 제대로 쓸 수 없는 제품이 무슨 기업용이냐”고 말한 것이다.\n\n발머는 2007년 “경쟁이 어떻게 되는지 두고 보자”고 자신 있게 말했다. 하지만 이후 마이크로소프트는 새로운 운영체제 윈도우폰(Windows Phone) 개발에 나섰고, 전혀 새로운 사용자 인터페이스를 선보였다. 그러나 윈도우폰은 끝내 실패했다. 마이크로소프트가 인터페이스를 개선했을 무렵에는 이미 애플의 iOS와 구글의 안드로이드가 시장을 장악하고 있었다.', '구글 크롬과 모질라 파이어폭스가 등장하기 훨씬 전부터 마이크로소프트는 웹의 잠재력을 인식하고 있었다. 1997년 인터넷 익스플로러 4(IE4)를 출시하며, 마이크로소프트는 웹을 윈도우에 깊숙히 통합했다. ‘액티브 데스크톱(Active Desktop)’ 기능을 통해 HTML 콘텐츠를 바탕화면에 띄울 수 있게 했고, 운영체제와 브라우저의 경계를 흐리며, 액티브X(ActiveX) 기술로 웹 애플리케이션 기능도 강화했다.\n\n하지만 마이크로소프트의 웹 비전은 철저히 윈도우 중심이었다. 액티브X는 윈도우용 IE에서만 동작했으며, 자체 개발 기술이라 심각한 보안 문제도 동반했다. 마이크로소프트 외부에서는 경쟁 브라우저에 개방형 웹 표준을 적용하기 위한 새로운 노력을 기울여야 했다.\n\n당시 마이크로소프트가 직면한 독점 금지 소송도 웹 전략에 장애물이 됐다. IE를 윈도우에 번들로 탑재하는 관행은 반독점 소송의 핵심 사안이었다. 그리고 마이크로소프트는 브라우저 개발에 대한 의지를 상실한 듯했다. IE6는 2001년에 출시됐지만, 다음 버전인 IE7은 무려 5년 후인 2006년에야 등장했다. 이미 파이어폭스가 시장 점유율을 빠르게 확보하던 시점이었다.\n\n다른 기술들과 마찬가지로, 마이크로소프트는 웹의 비중이 커지고 더 많은 기능이 필요할 것이라는 비전을 누구보다 먼저 가졌지만, 결국 포기했다. 마이크로소프트는 IE6와 액티브X만으로도 충분하다고 판단했지만, 결국 경쟁 브라우저에 뒤처진 채 수년을 보내야 했다. 결국 마이크로소프트는 웹 브라우저 엣지(Edge)를 구글 크롬과 같은 오픈소스 기반 크로미움(Chromium) 엔진으로 전환해 경쟁을 따라잡을 수밖에 없었다. 웹을 장악하려 했지만, 현실은 끊임없는 추격이었다.', '빙챗(Bing Chat)을 보면, 마이크로소프트가 과거의 패턴을 반복하고 있다는 점을 알 수 있다. 오픈AI에 일찍 투자한 마이크로소프트는 소비자용 AI 제품으로 빙챗을 빠르게 출시했다. 챗GPT가 당시에는 연구 프로젝트 성격이 강했던 반면, 빙챗은 최초의 AI 기반 검색엔진이자 대규모 소비자용 AI 경험으로 주목받았다.\n\n결과는 기대와 달랐다. ‘빙’이라는 인지도 낮은 브랜드와 로고에도 불구하고, 빙챗과 ‘시드니(Sydney)’라는 페르소나는 뜻밖의 바이럴 성공을 거뒀다. 하지만 빙챗이 예기치 않은 행동을 하자 마이크로소프트는 수습에 나섰다.\n\n마이크로소프트의 설명은 상황을 나아지게 만들지 못했다. 유수프 메디 부사장은 NPR과 인터뷰에서 “사람들이 몇 시간 동안 챗봇과 대화하고, 사적인 주제로 넘어갈 것이라고는 예상하지 못했다”고 밝혔다.\n\n다시 말해, 마이크로소프트는 사람들이 자사 챗봇과 그렇게 오랫동안 대화할 거라 생각하지 못한 것이다. 결국 마이크로소프트는 대화 길이에 제한을 두고, 전반적으로 빙챗의 흥미도와 활용도를 낮추는 방식으로 대응했다.\n\n사티아 나델라 체제의 마이크로소프트는 발머 시절과는 분명히 다르다. 과거가 반드시 미래를 결정하는 것은 아니다. 하지만 이번에도 마이크로소프트는 조잡한 초기 프로토타입을 선보인 뒤, 경쟁사에 주도권을 넘겨준 모습이다.\n\n마이크로소프트는 이제 코파일럿을 ‘일상의 동반자’로 진화시키려 하고 있다. 만약 이것이 진짜 미래라면, 과연 코파일럿은 성공할 수 있을까? 아니면 또 다른 초기 시제품으로 남아, 다른 기술 기업이 무엇을 만들어야 할지를 보여주는 데 그칠까? 마이크로소프트의 과거 성적표는 그리 낙관적이지 않다.dl-itworldkorea@foundryco.com']",2025.08.07,Chris Hoffman
https://www.itworld.co.kr/article/4034741/%ed%81%b4%eb%9d%bc%ec%9a%b0%eb%93%9c%ed%94%8c%eb%a0%88%ec%96%b4-%ed%8d%bc%ed%94%8c%eb%a0%89%ec%8b%9c%ed%8b%b0-%eb%85%bc%ec%9f%81%ec%9d%b4-%eb%a7%90%ed%95%98%eb%8a%94-%ec%b0%a8%ec%84%b8%eb%8c%80.html,클라우드플레어-퍼플렉시티 논쟁이 말하는 차세대 봇 감지 과제,['생성형 AI'],"['nosubtitle', '클라우드플레어의 기술적 주장']","[""'선한 AI 에이전트'와 '악성 스크래퍼'를 구분하지 못하는 현재의 방어 기술이 한계에 직면했다.\n\n클라우드 인프라 기업 클라우드플레어와 AI 검색 서비스 퍼플렉시티(Perplexity) 사이에서 기술적 역량을 둘러싼 공개적인 설전이 벌어지고 있다. 여러 애널리스트는 이번 분쟁이 기업이 AI 데이터 수집으로부터 콘텐츠를 보호하는 방식에 존재하는 근본적 취약점을 드러낸다고 지적했다.\n\n클라우드플레어가 퍼플렉시티의 ‘은폐 크롤링’ 행위를 폭로하는 기술 보고서를 공개하면서 논란이 불거졌다. 퍼플렉시티는 즉각 반박하며, 클라우드플레어가 마케팅 목적으로 사실을 왜곡하고 자사 요청을 제3자의 것으로 잘못 해석했다고 맞섰다.\n\n업계 전문가는 이번 논란이 ‘정상적인 AI 서비스’와 ‘문제 있는 크롤러’를 구분하지 못하는 현행 봇 탐지 기술의 한계를 여실히 드러낸다고 경고한다."", '클라우드플레어는 고객사들이 퍼플렉시티의 공식 크롤러를 차단했음에도 콘텐츠가 계속 수집되고 있다는 불만을 제기하면서 자체 조사를 시작했다. 이를 검증하기 위해 새로운 도메인을 만들고 모든 AI 크롤러 접근을 차단한 후, 해당 사이트에 대해 퍼플렉시티에 질문을 던졌다.\n\n퍼플렉시티는 크롤링이 불가능하도록 설정한 도메인에 대해서도 상세한 정보를 제공했다”라고 클라우드플레어는 블로그를 통해 밝혔다. “예상치 못한 결과였으며, 해당 데이터가 수집되지 않도록 모든 기술적 조치를 취했다.”\n\n조사 결과, 퍼플렉시티는 공식 크롤러가 차단되자, 맥OS용 크롬 브라우저로 위장한 범용 사용자 에이전트를 사용해 웹사이트에 우회 접속한 것으로 나타났다. 플라우드플레어는 이 방식이 하루 300만~600만 건의 요청을 발생시키고 있으며, 이는 퍼플렉시티의 공식 크롤러가 발생시키는 2,000만~2,500만 건에 비해 적지 않은 수치라고 밝혔다.\n\n클라우드플레어는 “지난 30년간 인터넷은 신뢰를 바탕으로 성장해왔다. 크롤러는 투명하고, 명확한 목적을 가지고, 특정한 활동을 수행하며, 무엇보다 웹사이트의 지침을 따라야 한다는 원칙은 변함없다”라고 강조했다.\n\n반면, 동일한 테스트를 오픈AI의 챗GPT로 진행했을 때는, ChatGPT-User가 robots.txt 파일을 확인하고 접근을 중단했으며, 다른 사용자 에이전트나 제3자 봇이 후속 크롤링을 시도하는 일도 없었다고 밝혔다.dl-itworldkorea@foundryco.com']",2025.08.06,Gyana Swain
https://www.itworld.co.kr/article/4034704/%ea%b0%80%ed%8a%b8%eb%84%88-2025-ai-%ed%95%98%ec%9d%b4%ed%94%84%ec%82%ac%ec%9d%b4%ed%81%b4-%ea%b3%b5%ea%b0%9c%c2%b7%c2%b7%c2%b7-ai-%ec%97%90%ec%9d%b4%ec%a0%84%ed%8a%b8%c2%b7ai-%ec%a4%80.html,"가트너, 2025 AI 하이프사이클 공개··· “AI 에이전트·AI 준비 데이터에 주목”","['인공지능', '생성형 AI']",['nosubtitle'],"['가트너(Gartner)가 2025 AI 하이프 사이클(2025 Gartner Hype Cycle for Artificial Intelligence) 보고서를 통해 주목해야 할 주요 AI 혁신 기술을 발표했다.\n\n가트너는 2025년 가장 빠르게 발전하는 기술로 ‘AI 에이전트(AI Agents)’와 ‘AI 준비(AI-Ready) 데이터’를 꼽았다. 이 기술들은 올해 높은 관심을 받고 있으며, 낙관적인 전망과 약속이 이어지면서 기대의 정점에 도달한 것으로 나타났다.\n\n가트너 시니어 디렉터 애널리스트 하리타 칸다바투는 “올해도 AI에 대한 투자가 활발하게 이어지는 가운데 운영 확장성, 실시간 인텔리전스를 위한 AI 활용이 주목받고 있다. 생성형 AI 중심에서 AI 에이전트, AI 준비 데이터와 같은 지속 가능한 AI 제공을 지원하는 기반 기술로 이동하는 추세”라고 설명했다.\n\n또한 가트너는 ‘멀티모달(Multimodal) AI’와 ‘AI 신뢰, 위험, 보안 관리(TRiSM)’가 향후 5년 내 AI 혁신 기술의 주류가 될 것이며 기대의 정점을 이끌고 있다고 분석했다. 이러한 기술 발전은 보다 강력하고 혁신적이며 책임감 있는 AI 애플리케이션을 구현해 기업의 운영 방식을 변화시킬 것으로 전망된다.\n\nGartner\n\n칸다바투는 “목표 달성을 위한 핵심은 비즈니스와 연계된 파일럿 프로젝트, 인프라 벤치마킹, 가치 창출을 위한 AI와 비즈니스 팀 간 협력”이라고 강조했다.\n\n먼저 AI 에이전트는 AI 기술을 활용해 디지털, 물리 환경에서 인지하고, 의사결정을 내리며, 행동을 수행하고 목표를 달성하는 자율 또는 반자율 소프트웨어다. 기업은 대규모언어모델(LLM)을 비롯한 다양한 AI 기술과 사용 사례를 활용해 복잡한 작업을 수행할 수 있는 AI 에이전트를 개발 및 배포하고 있다.\n\n칸다바투는 “AI 에이전트의 이점을 최대로 높이려면 가장 적합한 비즈니스 맥락과 사용 사례를 식별해야 하지만, 모든 AI 에이전트는 똑같지 않고 상황도 항상 다르기 때문에 이는 어려운 과제다. AI 에이전트는 앞으로 더욱 강력해지겠지만 모든 사례에 일률적으로 적용할 수 없으며, 개별 상황의 요구에 따라 사용 가능 여부가 결정될 것”이라고 덧붙였다.\n\n한편 AI 준비 데이터는 데이터 세트가 AI 애플리케이션에 최적화되도록 보장해 정확성과 효율성을 향상시킨다. 데이터의 준비 상태는 특정 AI 사용례에 대해 얼마나 적합한 데이터인지로 결정되며, 데이터 관리에 대한 새로운 접근 방식을 요구한다. 가트너는 AI에 대규모로 투자하는 기업이 데이터 관리 관행과 역량을 AI 환경에 맞게 발전시켜야 한다고 조언했다. 이를 통해 기존 및 향후 비즈니스 요구사항 충족, 신뢰 확보, 위험 및 준수 문제 방지, 지적 재산 보호, 편향과 환각 감소를 달성할 수 있다고 설명했다.\n\n멀티모달 AI의 경우 이미지, 비디오, 오디오, 텍스트 등 여러 유형의 데이터를 동시에 학습하는 모델이다. 다양한 데이터 소스를 통합하고 분석함으로써 단일 유형의 데이터만 사용하는 모델보다 복잡한 상황을 더 효과적으로 이해할 수 있다. 가트너는 멀티모달 AI가 향후 5년 동안 모든 산업 분야의 애플리케이션과 소프트웨어 제품의 성능 향상에 점점 더 필수적인 요소로 자리 잡을 것으로 전망했다.\n\nAI TRiSM은 윤리적이고 안전한 AI 도입을 위한 핵심 기술 프레임워크로 모든 AI 사용 사례에 대한 기업 정책을 지원하고, AI 거버넌스, 신뢰성, 공정성, 안전성, 안정성, 보안, 개인정보 보호, 데이터 보호를 보장하는 네 가지 기술 계층으로 구성되어 있다.\n\n칸다바투는 “AI는 기존의 제어 방식으로는 대응하기 어려운 새로운 신뢰, 위험, 보안 관리 과제를 야기한다. 따라서 현재 사용 중인 모든 AI 요소에 대한 정책을 지속적으로 지원하고, 이를 시행하기 위해 계층화된 AI TRiSM 기술을 평가하고 도입해야 한다”라고 조언했다.dl-itworldkorea@foundryco.com']",2025.08.06,ITWorld 편집부
https://www.itworld.co.kr/article/4034691/%eb%84%88%eb%ac%b4-%eb%a7%8e%ec%9d%80-%ed%91%9c%ec%a4%80%ec%9d%80-%ed%91%9c%ec%a4%80%ec%9d%b4-%ec%97%86%eb%8a%94-%ea%b2%83-ai-%ec%97%90%ec%9d%b4%ec%a0%84%ed%8a%b8-%ed%94%84%eb%a1%9c.html,“너무 많은 표준은 표준이 없는 것” AI 에이전트 프로토콜의 문제점,"['인공지능', '클라우드 컴퓨팅', '생성형 AI']","['nosubtitle', '에이전트프로토콜의약어대잔치', '경쟁은사일로를만든다', '표준이 많으면 표준이 없는 것', '최소한으로가라']","['또다시, 단순한 문제를 해결하기 위해 너무 많은 표준이 패권을 다투고 있다. IT 업계는 이런 역효과를 내는 패턴에서 벗어나야 한다.\n\n지능형 에이전트가 어떻게 통신해야 하는지에 대한 이른바 ‘표준’이 최근 잇달아 등장하는 현상은 과거 서비스 지향 아키텍처, 웹 서비스, 다양한 메시징 미들웨어 기술이 충돌한 기억을 떠올리게 한다. 차이점은 이번 혼란이 엔터프라이즈 기술 분야에서 가장 유망한 영역 중 하나인 에이전틱 AI가 실제 가치를 제공하는 것을 가로막을 수 있다는 점이다.\n\n상황을 살펴보면, 지능형 에이전트는 전문화된 LLM, 서비스 중개 봇, 사물인터넷 디지털 트윈, 워크플로우 관리자 등 어떤 형태든 효율적이고 안전하며 투명하게 통신해야 한다. 이는 전형적인 상호운용성 문제다. 이론적으로는, 성숙한 산업이라면 단순하고 실용적인 프로토콜을 만들어 추진할 수 있다. 그러나 현실은 너무 많은 ‘전문가’가 각자의 의도를 담아 새로운 표준을 쏟아내는 상황이다. 각 표준은 백서, 커뮤니티 콜, 후원 컨퍼런스, 그리고 물론 자체 생태계를 동반한다. 이것이 핵심 문제다.', '현재 제공되거나 개발 중인 일부 기술만 살펴봐도 다음과 같다.\n\n이 목록이 전부가 아니다. 레딧 게시물, 서브스택 에세이, 자금 지원을 받은 스텔스 스타트업 등에서도 수십 개의 프로토콜이 다중 에이전트 조정의 유일한 해답이라고 주장하고 있다.', '누군가는 “경쟁이 혁신을 만든다”라고 말할 것이다. 이는 업계의 공식적인 주장이다. 그러나 대규모 IT 조직을 운영해본 사람에게 이는 결국 더 많은 통합 작업, 더 큰 위험, 더 높은 비용, 그리고 업체 종속을 의미한다. 그것도 기술적으로는 명함을 교환하는 수준의 단순한 일을 위해서다.\n\n역사를 잊어서는 안 된다. 1990년대에는 분산 컴퓨팅의 최종 해법을 자처한 CORBA와 DCOM이 부상했다가 사라졌다. 2000년대에는 WS-***들이 등장했다. 별표는 사양이 무한히 많았다는 의미다. 대부분은 이제 잊혀졌다. 결국 REST와 JSON이 승리했는데, 그 이유는 지나치게 복잡하게 만들지 않았기 때문이다. 그러나 그 전에 수백만 달러가 잘못된 시도와 호환되지 않는 생태계에 낭비됐다.\n\n솔루션 업체가 자체 통신 프로토콜을 내세우면, 다리를 놓기보다 사일로를 만든다. 특정 프로토콜로 학습된 에이전트는 다른 ‘방언’을 쓰는 에이전트와 원활히 상호작용할 수 없다. 기업은 특정 업체의 표준에 종속되거나 비싼 번역 계층을 작성하거나, 시장이 이번 ‘바퀴 재발명’ 단계를 지나가기를 기다리는 선택지밖에 없다.', '한 가지 용도로 20개의 표준을 만드는 것은 사실상 표준이 없는 것이다. 네트워크 효과는 없고 혼란만 남는다. 사소한 프로토콜 차이를 두고 논쟁하고 표준화 기구를 설득하고 호환성 확보 활동을 벌이는 시간은 가치를 창출하거나 실제 비즈니스 문제를 해결하는 데 쓰이지 않는다.\n\nIT 업계는 단순한 일을 복잡하게 만드는 것을 좋아한다. 범용적이고 무한히 확장 가능한 플러그 앤 플레이 프로토콜을 만들고 싶은 유혹을 뿌리치기 어렵다. 그러나 현실에서 기업용 에이전트 상호작용의 99%는 요청(request), 응답(response), 알림(notify), 오류(error) 등 소수의 메시지 유형만으로 처리할 수 있다. 나머지 신뢰 협상, 컨텍스트 전달, 예상치 못한 상황 등은 기본 메시징이 상호운용 가능하다면 점진적으로 해결할 수 있다.\n\n대부분의 표준 논란은 설계 문제를 해결하기보다 인지도 확보와 사업 개발 예산 확보를 위한 것이다. 표준 프로토콜을 발표하는 목적은 합의를 이루는 것이 아니라 생태계를 만드는 데 있다. 모두가 AI 에이전트 분야의 TCP/IP가 되기를 원하지만, 역사적으로 프로토콜이 지배력을 갖게 된 것은 백서나 마케팅이 아니라 풀뿌리 채택을 통해서였다.', '인기 없는 진실이지만, 업계가 집단적으로 최소 실행 가능 프로토콜을 정하고 거기서부터 발전시키는 것이 최선이다. 공통 스키마를 적용한 HTTP+JSON 수준만으로도 80%의 사용례를 충족할 수 있고, 필요할 때만 선택적 확장을 하면 된다. 현재 상황은 바벨탑과 같다. 아무도 쓰지 않을 복잡한 구조, 극단적인 예외 기능, 경쟁하는 업체 간의 동맹이 난립하고 있다.\n\n기업 경영진과 아키텍트는 이런 프로토콜 열풍에 휩쓸리지 말아야 한다. 상호운용성을 요구하고, ‘표준’이 실제 문제를 해결하는지 평가하며, 의심스러우면 종속을 막는 추상화 계층을 구축해야 한다.\n\nAI 에이전트 통신에는 개방형 프로토콜이 시급하다. 너무 많은 경쟁 표준은 결국 모두를 무의미하게 만든다. IT 업계는 이런 순환을 이미 겪어왔다. 이를 끊지 못한다면 에이전틱 AI도 시간과 노력을 낭비한 또 하나의 사례가 될 것이다. 프로토콜 자존심이 실제 비즈니스 가치 창출을 가로막게 해서는 안 된다.dl-itworldkorea@foundryco.com']",2025.08.06,David Linthicum
https://www.itworld.co.kr/article/4034661/%ec%99%84%ec%84%b1%ed%98%95-ai%eb%a1%9c-%ea%b0%80%eb%8a%94-%ea%b4%80%eb%ac%b8-%eb%b2%a4%ec%b9%98%eb%a7%88%ed%81%ac%ec%9d%98-%ec%97%ad%ed%95%a0%ec%9d%b4-%eb%b0%94%eb%80%8c%ea%b3%a0-%ec%9e%88%eb%8b%a4.html,"완성형 AI로 가는 관문, 벤치마크의 역할이 바뀌고 있다",['생성형 AI'],"['nosubtitle', 'AI 코딩 에이전트 분야에서 특히 두드러지는 진화', 'AI를 위한 품질 관리 시스템']","['많은 연구진은 실제 사용례를 반영하는 더욱 도전적이고 해석 가능하며 공정한 AI 모델 평가 기준 개발에 박차를 가하고 있다.\n\n벤치마크는 종종 언론 보도에서 순위표로 단순화되지만, 생성형 AI 개발에서 차지하는 역할은 훨씬 더 중요하다. 벤치마크는 모델 평가의 근간으로, 개선 방향을 제시하고 재현 가능성을 확보하며 실제 적용 가능성을 담보하는 기준이다. 개발자, 데이터 과학자, 비즈니스 리더 누구든 생성형 AI 환경을 효과적으로 이해하려면 벤치마크에 대한 이해가 필수적이다.\n\n본질적으로 벤치마크는 생성형 AI의 역량을 측정하기 위한 표준화된 평가 체계다. 초기의 대표적 사례로는 GLUE(자연어 이해 평가)와 수퍼GLUE(SuperGLUE)가 있다. 이들은 문장 유사도, 질의응답, 텍스트 함의 등의 자연어 이해 과제를 다지선다형이나 구간 선택 형식으로 평가했다. 반면, 오늘날의 벤치마크는 생성형 AI 시스템이 실제 환경에서 마주하는 복잡한 요구를 반영하여 훨씬 더 정교해졌다. 현대 벤치마크는 정확도뿐 아니라 코드 품질, 견고성, 해석 가능성, 효율성, 도메인 특화 규정 준수 여부 등도 평가 항목에 포함한다.\n\n최근의 벤치마크는 더욱 고도화된 역량을 측정한다. 장문 문맥의 일관성 유지, 텍스트와 이미지 간의 멀티모달 추론, 물리학·화학·수학 등 분야의 대학원 수준 문제 해결 등이 해당한다. 예를 들어, GPQA(대학원 수준 구글 검색 무력화 질의응답 벤치마크)는 생물학, 물리학, 화학 분야에서 인간 전문가조차 어려워하는 문제를 제시하며, MATH(수학적 휴리스틱 적성 평가)는 다단계 기호 추론을 요구한다. 이러한 벤치마크는 정답 여부뿐 아니라 사고 과정, 일관성, 설명 혹은 연쇄적 사고 정렬 여부까지 평가하는 정교한 채점 기준을 채택하고 있다.\n\n생성형 AI 모델의 성능이 향상되면서 벤치마크를 ‘포화’ 상태로 만들기도 한다. 즉, 모델이 거의 완벽한 점수를 얻으며 강력한 모델과 탁월한 모델을 구별하기 어려워지는 현상이 발생한다. 이로 인해 연구진은 특정 모델 설계에 유리하지 않으면서도 실제 사용례를 반영하는 더욱 도전적이고 해석 가능한 공정한 평가 기준을 지속적으로 개발하는 ‘벤치마크 경쟁’에 나서고 있다.', '이러한 진화는 생성형 AI 코딩 에이전트 영역에서 특히 뚜렷하게 나타난다. 단순 코드 자동 완성에서 자율 소프트웨어 엔지니어링으로의 도약은 벤치마크 설계에도 큰 변화를 가져왔다. 예를 들어, 오픈AI가 2021년에 공개한 휴먼이벌(HumanEval)은 프롬프트를 기반으로 파이썬 함수 생성을 평가했다. 그러나 2025년 현재, SWE-bench 같은 최신 벤치마크는 오픈소스 저장소에서 실제 깃허브 이슈를 바탕으로, 다중 파일 추론, 종속성 관리, 통합 테스트 등 수 시간 또는 수일이 소요되는 업무를 생성형 AI가 수행할 수 있는지를 평가한다.\n\n기존 프로그래밍 과제를 넘어, 새로운 벤치마크는 CI/CD 관리 등 데브옵스 자동화, 공개 취약점 식별을 포함한 보안 중심 코드 리뷰, 기능 사양서를 구현 계획으로 전환하는 제품 해석 능력까지 테스트한다. 예를 들어, 파이썬 2 기반의 전체 애플리케이션을 파이썬 3로 마이그레이션하는 과제를 수행하는 벤치마크도 있다. 이는 구문 변경, 종속성 업데이트, 테스트 커버리지 확보, 배포 조정 등 다양한 역량을 요구하는 작업이다.\n\n변화의 방향은 분명하다. 생성형 AI 코딩 에이전트가 단순 보조자에서 자율적 기여자로 진화하면서 벤치마크는 점점 더 중요하고 인증에 가까운 역할을 하게 된다. 법률 분야와의 유사점도 적절하다. 법학 전공자가 졸업 후 변호사 자격시험을 통과해야 실무에 나설 수 있듯, 생성형 AI 시스템도 도메인 특화 ‘자격시험’을 통과해야 실제 배치에 대한 신뢰를 얻을 수 있을 것이다.\n\n이러한 필요성은 고위험 분야에서 더욱 시급하다. 금융 인프라를 담당하는 코딩 에이전트는 암호화, 오류 처리, 금융 규정 준수 역량을 증명해야 하며, 의료 기기의 내장 코드 작성을 담당하는 에이전트는 FDA 기준과 ISO 안전 인증에 부합하는 테스트를 통과해야 한다.', '생성형 AI 에이전트가 소프트웨어 개발에서 자율성을 갖게 될수록, AI를 평가하는 벤치마크는 핵심 인프라를 구축하고 유지할 수 있는 시스템을 선별하는 관문이 된다. 이 추세는 코딩 분야에만 국한되지 않는다. 의료, 법률, 금융, 교육 등 다양한 분야에서도 자격 인증에 해당하는 벤치마크가 등장할 것으로 예상된다. 이는 단순한 학문적 실험이 아니다. 벤치마크는 생성형 AI가 주도하는 세계에서 품질 관리 시스템의 역할을 하게 된다.\n\n다만 아직 갈 길은 멀다. 실질적으로 효과적인 벤치마크를 만드는 일은 비용이 많이 들고 시간이 오래 걸리며, 생각보다 훨씬 어렵다. 예를 들어, SWE-bench 같은 벤치마크를 구축하려면 수천 건의 실제 깃허브 이슈를 수집하고, 테스트 환경을 구성하며, 해결 가능성을 검증하고, 공정한 채점 시스템을 설계해야 한다. 이 과정에는 도메인 전문가와 엔지니어가 필요하며 수개월의 반복 개선이 뒤따른다. 그러나 모델이 빠르게 발전하면서 이러한 벤치마크조차 금세 무력화될 수 있다.\n\n현재의 벤치마크에는 사각지대도 존재한다. 일부 모델은 진정한 역량 없이 테스트를 ‘속여서’ 통과할 수 있으며, 벤치마크 성과가 실제 현장 성과로 이어지지 않는 경우도 많다. 이른바 ‘측정 문제’가 근본적이다. 생성형 AI가 코드를 ‘이해’했는지, 단순히 패턴 인식으로 정답을 추론했는지를 어떻게 판단할 것인가?\n\n더 나은 벤치마크에 대한 투자는 단순한 학술 연구가 아니라, 생성형 AI 중심 미래 사회의 기반 인프라에 해당한다. 오늘날의 불완전한 테스트에서 내일의 인증 시스템으로 나아가는 과정은 비용, 타당성, 현실성과 같은 복잡한 문제를 해결하는 여정을 포함한다. 벤치마크의 가능성과 현재의 한계를 이해하는 일은 향후 생성형 AI의 규제, 배포, 신뢰 확보 방식을 파악하는 데 있어 필수적이다.dl-itworldkorea@foundryco.com']",2025.08.06,Abigail Wall
